0 verbose cli /usr/local/bin/node /usr/local/bin/npm
1 info using npm@10.9.3
2 info using node@v22.20.0
3 silly config load:file:/usr/local/lib/node_modules/npm/npmrc
4 silly config load:file:/Users/mac/Desktop/accezz-supabase/.npmrc
5 silly config load:file:/Users/mac/.npmrc
6 silly config load:file:/usr/local/etc/npmrc
7 verbose title npm install next@15.3.6 react@latest react-dom@latest
8 verbose argv "install" "next@15.3.6" "react@latest" "react-dom@latest"
9 verbose logfile logs-max:10 dir:/Users/mac/Desktop/accezz-supabase/.npm-cache/_logs/2025-12-12T13_54_46_593Z-
10 verbose logfile /Users/mac/Desktop/accezz-supabase/.npm-cache/_logs/2025-12-12T13_54_46_593Z-debug-0.log
11 silly logfile start cleaning logs, removing 1 files
12 silly packumentCache heap:4345298944 maxSize:1086324736 maxEntrySize:543162368
13 silly logfile done cleaning log files
14 silly packumentCache corgi:https://registry.npmjs.org/react cache-miss
15 silly packumentCache corgi:https://registry.npmjs.org/react-dom cache-miss
16 http cache https://registry.npmjs.org/react-dom 334ms (cache hit)
17 silly packumentCache corgi:https://registry.npmjs.org/react-dom set size:2921447 disposed:false
18 http cache https://registry.npmjs.org/react 353ms (cache hit)
19 silly packumentCache corgi:https://registry.npmjs.org/react set size:2695487 disposed:false
20 silly idealTree buildDeps
21 silly fetch manifest next@15.3.6
22 silly packumentCache full:https://registry.npmjs.org/next cache-miss
23 http cache https://registry.npmjs.org/next 62ms (cache hit)
24 silly packumentCache full:https://registry.npmjs.org/next set size:28019532 disposed:false
25 silly fetch manifest @opentelemetry/api@^1.1.0
26 silly packumentCache full:https://registry.npmjs.org/@opentelemetry%2fapi cache-miss
27 http cache https://registry.npmjs.org/@opentelemetry%2fapi 5ms (cache hit)
28 silly packumentCache full:https://registry.npmjs.org/@opentelemetry%2fapi set size:455567 disposed:false
29 silly fetch manifest @playwright/test@^1.41.2
30 silly packumentCache full:https://registry.npmjs.org/@playwright%2ftest cache-miss
31 http cache https://registry.npmjs.org/@playwright%2ftest 19ms (cache hit)
32 silly packumentCache full:https://registry.npmjs.org/@playwright%2ftest set size:8532101 disposed:false
33 silly fetch manifest babel-plugin-react-compiler@*
34 silly packumentCache full:https://registry.npmjs.org/babel-plugin-react-compiler cache-miss
35 http cache https://registry.npmjs.org/babel-plugin-react-compiler 5ms (cache hit)
36 silly packumentCache full:https://registry.npmjs.org/babel-plugin-react-compiler set size:1154761 disposed:false
37 silly fetch manifest react@19.2.3
38 silly packumentCache full:https://registry.npmjs.org/react cache-miss
39 http cache https://registry.npmjs.org/react 15ms (cache hit)
40 silly packumentCache full:https://registry.npmjs.org/react set size:6344067 disposed:false
41 silly fetch manifest react-dom@19.2.3
42 silly packumentCache full:https://registry.npmjs.org/react-dom cache-miss
43 http cache https://registry.npmjs.org/react-dom 20ms (cache hit)
44 silly packumentCache full:https://registry.npmjs.org/react-dom set size:8342628 disposed:false
45 silly fetch manifest sass@^1.3.0
46 silly packumentCache full:https://registry.npmjs.org/sass cache-miss
47 http cache https://registry.npmjs.org/sass 5ms (cache hit)
48 silly packumentCache full:https://registry.npmjs.org/sass set size:713692 disposed:false
49 silly placeDep ROOT next@15.3.6 REPLACE for: Accezz@0.2.0 want: 15.3.6
50 silly placeDep ROOT react@19.2.3 REPLACE for: Accezz@0.2.0 want: 19.2.3
51 warn ERESOLVE overriding peer dependency {
51 warn ERESOLVE   code: 'ERESOLVE',
51 warn ERESOLVE   edge: {
51 warn ERESOLVE     type: 'peer',
51 warn ERESOLVE     name: 'react',
51 warn ERESOLVE     spec: '^16.8.0 || ^17.0.0 || ^18.0.0',
51 warn ERESOLVE     from: {
51 warn ERESOLVE       name: 'react-chartjs-2',
51 warn ERESOLVE       version: '5.2.0',
51 warn ERESOLVE       location: 'node_modules/react-chartjs-2',
51 warn ERESOLVE       isWorkspace: false,
51 warn ERESOLVE       dependents: [Array]
51 warn ERESOLVE     }
51 warn ERESOLVE   },
51 warn ERESOLVE   dep: {
51 warn ERESOLVE     name: 'react',
51 warn ERESOLVE     version: '19.2.3',
51 warn ERESOLVE     whileInstalling: {
51 warn ERESOLVE       name: 'Accezz',
51 warn ERESOLVE       version: '0.2.0',
51 warn ERESOLVE       path: '/Users/mac/Desktop/accezz-supabase'
51 warn ERESOLVE     },
51 warn ERESOLVE     location: 'node_modules/react',
51 warn ERESOLVE     isWorkspace: false,
51 warn ERESOLVE     dependents: [ [Object] ]
51 warn ERESOLVE   },
51 warn ERESOLVE   force: false,
51 warn ERESOLVE   isMine: true,
51 warn ERESOLVE   strictPeerDeps: false,
51 warn ERESOLVE   current: {
51 warn ERESOLVE     name: 'react',
51 warn ERESOLVE     version: '18.3.1',
51 warn ERESOLVE     location: 'node_modules/react',
51 warn ERESOLVE     isWorkspace: false,
51 warn ERESOLVE     dependents: [
51 warn ERESOLVE       [Object], [Object], [Object], [Object],
51 warn ERESOLVE       [Object], [Object], [Object], [Object],
51 warn ERESOLVE       [Object], [Object], [Object], [Object],
51 warn ERESOLVE       [Object], [Object], [Object], [Object],
51 warn ERESOLVE       [Object], [Object], [Object], [Object],
51 warn ERESOLVE       [Object], [Object], [Object], [Object],
51 warn ERESOLVE       [Object], [Object], [Object], [Object],
51 warn ERESOLVE       [Object], [Object], [Object], [Object],
51 warn ERESOLVE       [Object], [Object], [Object], [Object]
51 warn ERESOLVE     ]
51 warn ERESOLVE   }
51 warn ERESOLVE }
52 warn ERESOLVE overriding peer dependency {
52 warn ERESOLVE   code: 'ERESOLVE',
52 warn ERESOLVE   edge: {
52 warn ERESOLVE     type: 'peer',
52 warn ERESOLVE     name: 'react',
52 warn ERESOLVE     spec: '^18.3.1',
52 warn ERESOLVE     from: {
52 warn ERESOLVE       name: 'react-dom',
52 warn ERESOLVE       version: '18.3.1',
52 warn ERESOLVE       location: 'node_modules/react-dom',
52 warn ERESOLVE       isWorkspace: false,
52 warn ERESOLVE       dependents: [Array]
52 warn ERESOLVE     }
52 warn ERESOLVE   },
52 warn ERESOLVE   dep: {
52 warn ERESOLVE     name: 'react',
52 warn ERESOLVE     version: '19.2.3',
52 warn ERESOLVE     whileInstalling: {
52 warn ERESOLVE       name: 'Accezz',
52 warn ERESOLVE       version: '0.2.0',
52 warn ERESOLVE       path: '/Users/mac/Desktop/accezz-supabase'
52 warn ERESOLVE     },
52 warn ERESOLVE     location: 'node_modules/react',
52 warn ERESOLVE     isWorkspace: false,
52 warn ERESOLVE     dependents: [ [Object] ]
52 warn ERESOLVE   },
52 warn ERESOLVE   force: false,
52 warn ERESOLVE   isMine: true,
52 warn ERESOLVE   strictPeerDeps: false,
52 warn ERESOLVE   current: {
52 warn ERESOLVE     name: 'react',
52 warn ERESOLVE     version: '18.3.1',
52 warn ERESOLVE     location: 'node_modules/react',
52 warn ERESOLVE     isWorkspace: false,
52 warn ERESOLVE     dependents: [
52 warn ERESOLVE       [Object], [Object], [Object], [Object],
52 warn ERESOLVE       [Object], [Object], [Object], [Object],
52 warn ERESOLVE       [Object], [Object], [Object], [Object],
52 warn ERESOLVE       [Object], [Object], [Object], [Object],
52 warn ERESOLVE       [Object], [Object], [Object], [Object],
52 warn ERESOLVE       [Object], [Object], [Object], [Object],
52 warn ERESOLVE       [Object], [Object], [Object], [Object],
52 warn ERESOLVE       [Object], [Object], [Object], [Object],
52 warn ERESOLVE       [Object], [Object], [Object], [Object]
52 warn ERESOLVE     ]
52 warn ERESOLVE   }
52 warn ERESOLVE }
53 warn ERESOLVE overriding peer dependency {
53 warn ERESOLVE   code: 'ERESOLVE',
53 warn ERESOLVE   edge: {
53 warn ERESOLVE     type: 'peer',
53 warn ERESOLVE     name: 'react',
53 warn ERESOLVE     spec: '^18.3.1',
53 warn ERESOLVE     from: {
53 warn ERESOLVE       name: 'react-dom',
53 warn ERESOLVE       version: '18.3.1',
53 warn ERESOLVE       location: 'node_modules/react-dom',
53 warn ERESOLVE       isWorkspace: false,
53 warn ERESOLVE       dependents: [Array]
53 warn ERESOLVE     }
53 warn ERESOLVE   },
53 warn ERESOLVE   dep: {
53 warn ERESOLVE     name: 'react',
53 warn ERESOLVE     version: '19.2.3',
53 warn ERESOLVE     whileInstalling: {
53 warn ERESOLVE       name: 'Accezz',
53 warn ERESOLVE       version: '0.2.0',
53 warn ERESOLVE       path: '/Users/mac/Desktop/accezz-supabase'
53 warn ERESOLVE     },
53 warn ERESOLVE     location: 'node_modules/react',
53 warn ERESOLVE     isWorkspace: false,
53 warn ERESOLVE     dependents: [ [Object] ]
53 warn ERESOLVE   },
53 warn ERESOLVE   force: false,
53 warn ERESOLVE   isMine: true,
53 warn ERESOLVE   strictPeerDeps: false,
53 warn ERESOLVE   current: {
53 warn ERESOLVE     name: 'react',
53 warn ERESOLVE     version: '18.3.1',
53 warn ERESOLVE     location: 'node_modules/react',
53 warn ERESOLVE     isWorkspace: false,
53 warn ERESOLVE     dependents: [
53 warn ERESOLVE       [Object], [Object], [Object], [Object],
53 warn ERESOLVE       [Object], [Object], [Object], [Object],
53 warn ERESOLVE       [Object], [Object], [Object], [Object],
53 warn ERESOLVE       [Object], [Object], [Object], [Object],
53 warn ERESOLVE       [Object], [Object], [Object], [Object],
53 warn ERESOLVE       [Object], [Object], [Object], [Object],
53 warn ERESOLVE       [Object], [Object], [Object], [Object],
53 warn ERESOLVE       [Object], [Object], [Object], [Object],
53 warn ERESOLVE       [Object], [Object], [Object], [Object]
53 warn ERESOLVE     ]
53 warn ERESOLVE   }
53 warn ERESOLVE }
54 warn ERESOLVE overriding peer dependency {
54 warn ERESOLVE   code: 'ERESOLVE',
54 warn ERESOLVE   edge: {
54 warn ERESOLVE     type: 'peer',
54 warn ERESOLVE     name: 'react',
54 warn ERESOLVE     spec: '^18.3.1',
54 warn ERESOLVE     from: {
54 warn ERESOLVE       name: 'react-dom',
54 warn ERESOLVE       version: '18.3.1',
54 warn ERESOLVE       location: 'node_modules/react-dom',
54 warn ERESOLVE       isWorkspace: false,
54 warn ERESOLVE       dependents: [Array]
54 warn ERESOLVE     }
54 warn ERESOLVE   },
54 warn ERESOLVE   dep: {
54 warn ERESOLVE     name: 'react',
54 warn ERESOLVE     version: '19.2.3',
54 warn ERESOLVE     whileInstalling: {
54 warn ERESOLVE       name: 'Accezz',
54 warn ERESOLVE       version: '0.2.0',
54 warn ERESOLVE       path: '/Users/mac/Desktop/accezz-supabase'
54 warn ERESOLVE     },
54 warn ERESOLVE     location: 'node_modules/react',
54 warn ERESOLVE     isWorkspace: false,
54 warn ERESOLVE     dependents: [ [Object] ]
54 warn ERESOLVE   },
54 warn ERESOLVE   force: false,
54 warn ERESOLVE   isMine: true,
54 warn ERESOLVE   strictPeerDeps: false,
54 warn ERESOLVE   current: {
54 warn ERESOLVE     name: 'react',
54 warn ERESOLVE     version: '18.3.1',
54 warn ERESOLVE     location: 'node_modules/react',
54 warn ERESOLVE     isWorkspace: false,
54 warn ERESOLVE     dependents: [
54 warn ERESOLVE       [Object], [Object], [Object], [Object],
54 warn ERESOLVE       [Object], [Object], [Object], [Object],
54 warn ERESOLVE       [Object], [Object], [Object], [Object],
54 warn ERESOLVE       [Object], [Object], [Object], [Object],
54 warn ERESOLVE       [Object], [Object], [Object], [Object],
54 warn ERESOLVE       [Object], [Object], [Object], [Object],
54 warn ERESOLVE       [Object], [Object], [Object], [Object],
54 warn ERESOLVE       [Object], [Object], [Object], [Object],
54 warn ERESOLVE       [Object], [Object], [Object], [Object]
54 warn ERESOLVE     ]
54 warn ERESOLVE   }
54 warn ERESOLVE }
55 warn ERESOLVE overriding peer dependency {
55 warn ERESOLVE   code: 'ERESOLVE',
55 warn ERESOLVE   edge: {
55 warn ERESOLVE     type: 'peer',
55 warn ERESOLVE     name: 'react',
55 warn ERESOLVE     spec: '^18.3.1',
55 warn ERESOLVE     from: {
55 warn ERESOLVE       name: 'react-dom',
55 warn ERESOLVE       version: '18.3.1',
55 warn ERESOLVE       location: 'node_modules/react-dom',
55 warn ERESOLVE       isWorkspace: false,
55 warn ERESOLVE       dependents: [Array]
55 warn ERESOLVE     }
55 warn ERESOLVE   },
55 warn ERESOLVE   dep: {
55 warn ERESOLVE     name: 'react',
55 warn ERESOLVE     version: '19.2.3',
55 warn ERESOLVE     whileInstalling: {
55 warn ERESOLVE       name: 'Accezz',
55 warn ERESOLVE       version: '0.2.0',
55 warn ERESOLVE       path: '/Users/mac/Desktop/accezz-supabase'
55 warn ERESOLVE     },
55 warn ERESOLVE     location: 'node_modules/react',
55 warn ERESOLVE     isWorkspace: false,
55 warn ERESOLVE     dependents: [ [Object] ]
55 warn ERESOLVE   },
55 warn ERESOLVE   force: false,
55 warn ERESOLVE   isMine: true,
55 warn ERESOLVE   strictPeerDeps: false,
55 warn ERESOLVE   current: {
55 warn ERESOLVE     name: 'react',
55 warn ERESOLVE     version: '18.3.1',
55 warn ERESOLVE     location: 'node_modules/react',
55 warn ERESOLVE     isWorkspace: false,
55 warn ERESOLVE     dependents: [
55 warn ERESOLVE       [Object], [Object], [Object], [Object],
55 warn ERESOLVE       [Object], [Object], [Object], [Object],
55 warn ERESOLVE       [Object], [Object], [Object], [Object],
55 warn ERESOLVE       [Object], [Object], [Object], [Object],
55 warn ERESOLVE       [Object], [Object], [Object], [Object],
55 warn ERESOLVE       [Object], [Object], [Object], [Object],
55 warn ERESOLVE       [Object], [Object], [Object], [Object],
55 warn ERESOLVE       [Object], [Object], [Object], [Object],
55 warn ERESOLVE       [Object], [Object], [Object], [Object]
55 warn ERESOLVE     ]
55 warn ERESOLVE   }
55 warn ERESOLVE }
56 warn ERESOLVE overriding peer dependency {
56 warn ERESOLVE   code: 'ERESOLVE',
56 warn ERESOLVE   edge: {
56 warn ERESOLVE     type: 'peer',
56 warn ERESOLVE     name: 'react',
56 warn ERESOLVE     spec: '^18.3.1',
56 warn ERESOLVE     from: {
56 warn ERESOLVE       name: 'react-dom',
56 warn ERESOLVE       version: '18.3.1',
56 warn ERESOLVE       location: 'node_modules/react-dom',
56 warn ERESOLVE       isWorkspace: false,
56 warn ERESOLVE       dependents: [Array]
56 warn ERESOLVE     }
56 warn ERESOLVE   },
56 warn ERESOLVE   dep: {
56 warn ERESOLVE     name: 'react',
56 warn ERESOLVE     version: '19.2.3',
56 warn ERESOLVE     whileInstalling: {
56 warn ERESOLVE       name: 'Accezz',
56 warn ERESOLVE       version: '0.2.0',
56 warn ERESOLVE       path: '/Users/mac/Desktop/accezz-supabase'
56 warn ERESOLVE     },
56 warn ERESOLVE     location: 'node_modules/react',
56 warn ERESOLVE     isWorkspace: false,
56 warn ERESOLVE     dependents: [ [Object] ]
56 warn ERESOLVE   },
56 warn ERESOLVE   force: false,
56 warn ERESOLVE   isMine: true,
56 warn ERESOLVE   strictPeerDeps: false,
56 warn ERESOLVE   current: {
56 warn ERESOLVE     name: 'react',
56 warn ERESOLVE     version: '18.3.1',
56 warn ERESOLVE     location: 'node_modules/react',
56 warn ERESOLVE     isWorkspace: false,
56 warn ERESOLVE     dependents: [
56 warn ERESOLVE       [Object], [Object], [Object], [Object],
56 warn ERESOLVE       [Object], [Object], [Object], [Object],
56 warn ERESOLVE       [Object], [Object], [Object], [Object],
56 warn ERESOLVE       [Object], [Object], [Object], [Object],
56 warn ERESOLVE       [Object], [Object], [Object], [Object],
56 warn ERESOLVE       [Object], [Object], [Object], [Object],
56 warn ERESOLVE       [Object], [Object], [Object], [Object],
56 warn ERESOLVE       [Object], [Object], [Object], [Object],
56 warn ERESOLVE       [Object], [Object], [Object], [Object]
56 warn ERESOLVE     ]
56 warn ERESOLVE   }
56 warn ERESOLVE }
57 warn ERESOLVE overriding peer dependency {
57 warn ERESOLVE   code: 'ERESOLVE',
57 warn ERESOLVE   edge: {
57 warn ERESOLVE     type: 'peer',
57 warn ERESOLVE     name: 'react',
57 warn ERESOLVE     spec: '^18.3.1',
57 warn ERESOLVE     from: {
57 warn ERESOLVE       name: 'react-dom',
57 warn ERESOLVE       version: '18.3.1',
57 warn ERESOLVE       location: 'node_modules/react-dom',
57 warn ERESOLVE       isWorkspace: false,
57 warn ERESOLVE       dependents: [Array]
57 warn ERESOLVE     }
57 warn ERESOLVE   },
57 warn ERESOLVE   dep: {
57 warn ERESOLVE     name: 'react',
57 warn ERESOLVE     version: '19.2.3',
57 warn ERESOLVE     whileInstalling: {
57 warn ERESOLVE       name: 'Accezz',
57 warn ERESOLVE       version: '0.2.0',
57 warn ERESOLVE       path: '/Users/mac/Desktop/accezz-supabase'
57 warn ERESOLVE     },
57 warn ERESOLVE     location: 'node_modules/react',
57 warn ERESOLVE     isWorkspace: false,
57 warn ERESOLVE     dependents: [ [Object] ]
57 warn ERESOLVE   },
57 warn ERESOLVE   force: false,
57 warn ERESOLVE   isMine: true,
57 warn ERESOLVE   strictPeerDeps: false,
57 warn ERESOLVE   current: {
57 warn ERESOLVE     name: 'react',
57 warn ERESOLVE     version: '18.3.1',
57 warn ERESOLVE     location: 'node_modules/react',
57 warn ERESOLVE     isWorkspace: false,
57 warn ERESOLVE     dependents: [
57 warn ERESOLVE       [Object], [Object], [Object], [Object],
57 warn ERESOLVE       [Object], [Object], [Object], [Object],
57 warn ERESOLVE       [Object], [Object], [Object], [Object],
57 warn ERESOLVE       [Object], [Object], [Object], [Object],
57 warn ERESOLVE       [Object], [Object], [Object], [Object],
57 warn ERESOLVE       [Object], [Object], [Object], [Object],
57 warn ERESOLVE       [Object], [Object], [Object], [Object],
57 warn ERESOLVE       [Object], [Object], [Object], [Object],
57 warn ERESOLVE       [Object], [Object], [Object], [Object]
57 warn ERESOLVE     ]
57 warn ERESOLVE   }
57 warn ERESOLVE }
58 warn ERESOLVE overriding peer dependency {
58 warn ERESOLVE   code: 'ERESOLVE',
58 warn ERESOLVE   edge: {
58 warn ERESOLVE     type: 'peer',
58 warn ERESOLVE     name: 'react',
58 warn ERESOLVE     spec: '^18.3.1',
58 warn ERESOLVE     from: {
58 warn ERESOLVE       name: 'react-dom',
58 warn ERESOLVE       version: '18.3.1',
58 warn ERESOLVE       location: 'node_modules/react-dom',
58 warn ERESOLVE       isWorkspace: false,
58 warn ERESOLVE       dependents: [Array]
58 warn ERESOLVE     }
58 warn ERESOLVE   },
58 warn ERESOLVE   dep: {
58 warn ERESOLVE     name: 'react',
58 warn ERESOLVE     version: '19.2.3',
58 warn ERESOLVE     whileInstalling: {
58 warn ERESOLVE       name: 'Accezz',
58 warn ERESOLVE       version: '0.2.0',
58 warn ERESOLVE       path: '/Users/mac/Desktop/accezz-supabase'
58 warn ERESOLVE     },
58 warn ERESOLVE     location: 'node_modules/react',
58 warn ERESOLVE     isWorkspace: false,
58 warn ERESOLVE     dependents: [ [Object] ]
58 warn ERESOLVE   },
58 warn ERESOLVE   force: false,
58 warn ERESOLVE   isMine: true,
58 warn ERESOLVE   strictPeerDeps: false,
58 warn ERESOLVE   current: {
58 warn ERESOLVE     name: 'react',
58 warn ERESOLVE     version: '18.3.1',
58 warn ERESOLVE     location: 'node_modules/react',
58 warn ERESOLVE     isWorkspace: false,
58 warn ERESOLVE     dependents: [
58 warn ERESOLVE       [Object], [Object], [Object], [Object],
58 warn ERESOLVE       [Object], [Object], [Object], [Object],
58 warn ERESOLVE       [Object], [Object], [Object], [Object],
58 warn ERESOLVE       [Object], [Object], [Object], [Object],
58 warn ERESOLVE       [Object], [Object], [Object], [Object],
58 warn ERESOLVE       [Object], [Object], [Object], [Object],
58 warn ERESOLVE       [Object], [Object], [Object], [Object],
58 warn ERESOLVE       [Object], [Object], [Object], [Object],
58 warn ERESOLVE       [Object], [Object], [Object], [Object]
58 warn ERESOLVE     ]
58 warn ERESOLVE   }
58 warn ERESOLVE }
59 warn ERESOLVE overriding peer dependency {
59 warn ERESOLVE   code: 'ERESOLVE',
59 warn ERESOLVE   edge: {
59 warn ERESOLVE     type: 'peer',
59 warn ERESOLVE     name: 'react',
59 warn ERESOLVE     spec: '^18.3.1',
59 warn ERESOLVE     from: {
59 warn ERESOLVE       name: 'react-dom',
59 warn ERESOLVE       version: '18.3.1',
59 warn ERESOLVE       location: 'node_modules/react-dom',
59 warn ERESOLVE       isWorkspace: false,
59 warn ERESOLVE       dependents: [Array]
59 warn ERESOLVE     }
59 warn ERESOLVE   },
59 warn ERESOLVE   dep: {
59 warn ERESOLVE     name: 'react',
59 warn ERESOLVE     version: '19.2.3',
59 warn ERESOLVE     whileInstalling: {
59 warn ERESOLVE       name: 'Accezz',
59 warn ERESOLVE       version: '0.2.0',
59 warn ERESOLVE       path: '/Users/mac/Desktop/accezz-supabase'
59 warn ERESOLVE     },
59 warn ERESOLVE     location: 'node_modules/react',
59 warn ERESOLVE     isWorkspace: false,
59 warn ERESOLVE     dependents: [ [Object] ]
59 warn ERESOLVE   },
59 warn ERESOLVE   force: false,
59 warn ERESOLVE   isMine: true,
59 warn ERESOLVE   strictPeerDeps: false,
59 warn ERESOLVE   current: {
59 warn ERESOLVE     name: 'react',
59 warn ERESOLVE     version: '18.3.1',
59 warn ERESOLVE     location: 'node_modules/react',
59 warn ERESOLVE     isWorkspace: false,
59 warn ERESOLVE     dependents: [
59 warn ERESOLVE       [Object], [Object], [Object], [Object],
59 warn ERESOLVE       [Object], [Object], [Object], [Object],
59 warn ERESOLVE       [Object], [Object], [Object], [Object],
59 warn ERESOLVE       [Object], [Object], [Object], [Object],
59 warn ERESOLVE       [Object], [Object], [Object], [Object],
59 warn ERESOLVE       [Object], [Object], [Object], [Object],
59 warn ERESOLVE       [Object], [Object], [Object], [Object],
59 warn ERESOLVE       [Object], [Object], [Object], [Object],
59 warn ERESOLVE       [Object], [Object], [Object], [Object]
59 warn ERESOLVE     ]
59 warn ERESOLVE   }
59 warn ERESOLVE }
60 warn ERESOLVE overriding peer dependency {
60 warn ERESOLVE   code: 'ERESOLVE',
60 warn ERESOLVE   edge: {
60 warn ERESOLVE     type: 'peer',
60 warn ERESOLVE     name: 'react',
60 warn ERESOLVE     spec: '^18.3.1',
60 warn ERESOLVE     from: {
60 warn ERESOLVE       name: 'react-dom',
60 warn ERESOLVE       version: '18.3.1',
60 warn ERESOLVE       location: 'node_modules/react-dom',
60 warn ERESOLVE       isWorkspace: false,
60 warn ERESOLVE       dependents: [Array]
60 warn ERESOLVE     }
60 warn ERESOLVE   },
60 warn ERESOLVE   dep: {
60 warn ERESOLVE     name: 'react',
60 warn ERESOLVE     version: '19.2.3',
60 warn ERESOLVE     whileInstalling: {
60 warn ERESOLVE       name: 'Accezz',
60 warn ERESOLVE       version: '0.2.0',
60 warn ERESOLVE       path: '/Users/mac/Desktop/accezz-supabase'
60 warn ERESOLVE     },
60 warn ERESOLVE     location: 'node_modules/react',
60 warn ERESOLVE     isWorkspace: false,
60 warn ERESOLVE     dependents: [ [Object] ]
60 warn ERESOLVE   },
60 warn ERESOLVE   force: false,
60 warn ERESOLVE   isMine: true,
60 warn ERESOLVE   strictPeerDeps: false,
60 warn ERESOLVE   current: {
60 warn ERESOLVE     name: 'react',
60 warn ERESOLVE     version: '18.3.1',
60 warn ERESOLVE     location: 'node_modules/react',
60 warn ERESOLVE     isWorkspace: false,
60 warn ERESOLVE     dependents: [
60 warn ERESOLVE       [Object], [Object], [Object], [Object],
60 warn ERESOLVE       [Object], [Object], [Object], [Object],
60 warn ERESOLVE       [Object], [Object], [Object], [Object],
60 warn ERESOLVE       [Object], [Object], [Object], [Object],
60 warn ERESOLVE       [Object], [Object], [Object], [Object],
60 warn ERESOLVE       [Object], [Object], [Object], [Object],
60 warn ERESOLVE       [Object], [Object], [Object], [Object],
60 warn ERESOLVE       [Object], [Object], [Object], [Object],
60 warn ERESOLVE       [Object], [Object], [Object], [Object]
60 warn ERESOLVE     ]
60 warn ERESOLVE   }
60 warn ERESOLVE }
61 warn ERESOLVE overriding peer dependency {
61 warn ERESOLVE   code: 'ERESOLVE',
61 warn ERESOLVE   edge: {
61 warn ERESOLVE     type: 'peer',
61 warn ERESOLVE     name: 'react',
61 warn ERESOLVE     spec: '^18.3.1',
61 warn ERESOLVE     from: {
61 warn ERESOLVE       name: 'react-dom',
61 warn ERESOLVE       version: '18.3.1',
61 warn ERESOLVE       location: 'node_modules/react-dom',
61 warn ERESOLVE       isWorkspace: false,
61 warn ERESOLVE       dependents: [Array]
61 warn ERESOLVE     }
61 warn ERESOLVE   },
61 warn ERESOLVE   dep: {
61 warn ERESOLVE     name: 'react',
61 warn ERESOLVE     version: '19.2.3',
61 warn ERESOLVE     whileInstalling: {
61 warn ERESOLVE       name: 'Accezz',
61 warn ERESOLVE       version: '0.2.0',
61 warn ERESOLVE       path: '/Users/mac/Desktop/accezz-supabase'
61 warn ERESOLVE     },
61 warn ERESOLVE     location: 'node_modules/react',
61 warn ERESOLVE     isWorkspace: false,
61 warn ERESOLVE     dependents: [ [Object] ]
61 warn ERESOLVE   },
61 warn ERESOLVE   force: false,
61 warn ERESOLVE   isMine: true,
61 warn ERESOLVE   strictPeerDeps: false,
61 warn ERESOLVE   current: {
61 warn ERESOLVE     name: 'react',
61 warn ERESOLVE     version: '18.3.1',
61 warn ERESOLVE     location: 'node_modules/react',
61 warn ERESOLVE     isWorkspace: false,
61 warn ERESOLVE     dependents: [
61 warn ERESOLVE       [Object], [Object], [Object], [Object],
61 warn ERESOLVE       [Object], [Object], [Object], [Object],
61 warn ERESOLVE       [Object], [Object], [Object], [Object],
61 warn ERESOLVE       [Object], [Object], [Object], [Object],
61 warn ERESOLVE       [Object], [Object], [Object], [Object],
61 warn ERESOLVE       [Object], [Object], [Object], [Object],
61 warn ERESOLVE       [Object], [Object], [Object], [Object],
61 warn ERESOLVE       [Object], [Object], [Object], [Object],
61 warn ERESOLVE       [Object], [Object], [Object], [Object]
61 warn ERESOLVE     ]
61 warn ERESOLVE   }
61 warn ERESOLVE }
62 warn ERESOLVE overriding peer dependency {
62 warn ERESOLVE   code: 'ERESOLVE',
62 warn ERESOLVE   edge: {
62 warn ERESOLVE     type: 'peer',
62 warn ERESOLVE     name: 'react',
62 warn ERESOLVE     spec: '^18.3.1',
62 warn ERESOLVE     from: {
62 warn ERESOLVE       name: 'react-dom',
62 warn ERESOLVE       version: '18.3.1',
62 warn ERESOLVE       location: 'node_modules/react-dom',
62 warn ERESOLVE       isWorkspace: false,
62 warn ERESOLVE       dependents: [Array]
62 warn ERESOLVE     }
62 warn ERESOLVE   },
62 warn ERESOLVE   dep: {
62 warn ERESOLVE     name: 'react',
62 warn ERESOLVE     version: '19.2.3',
62 warn ERESOLVE     whileInstalling: {
62 warn ERESOLVE       name: 'Accezz',
62 warn ERESOLVE       version: '0.2.0',
62 warn ERESOLVE       path: '/Users/mac/Desktop/accezz-supabase'
62 warn ERESOLVE     },
62 warn ERESOLVE     location: 'node_modules/react',
62 warn ERESOLVE     isWorkspace: false,
62 warn ERESOLVE     dependents: [ [Object] ]
62 warn ERESOLVE   },
62 warn ERESOLVE   force: false,
62 warn ERESOLVE   isMine: true,
62 warn ERESOLVE   strictPeerDeps: false,
62 warn ERESOLVE   current: {
62 warn ERESOLVE     name: 'react',
62 warn ERESOLVE     version: '18.3.1',
62 warn ERESOLVE     location: 'node_modules/react',
62 warn ERESOLVE     isWorkspace: false,
62 warn ERESOLVE     dependents: [
62 warn ERESOLVE       [Object], [Object], [Object], [Object],
62 warn ERESOLVE       [Object], [Object], [Object], [Object],
62 warn ERESOLVE       [Object], [Object], [Object], [Object],
62 warn ERESOLVE       [Object], [Object], [Object], [Object],
62 warn ERESOLVE       [Object], [Object], [Object], [Object],
62 warn ERESOLVE       [Object], [Object], [Object], [Object],
62 warn ERESOLVE       [Object], [Object], [Object], [Object],
62 warn ERESOLVE       [Object], [Object], [Object], [Object],
62 warn ERESOLVE       [Object], [Object], [Object], [Object]
62 warn ERESOLVE     ]
62 warn ERESOLVE   }
62 warn ERESOLVE }
63 warn ERESOLVE overriding peer dependency {
63 warn ERESOLVE   code: 'ERESOLVE',
63 warn ERESOLVE   edge: {
63 warn ERESOLVE     type: 'peer',
63 warn ERESOLVE     name: 'react',
63 warn ERESOLVE     spec: '^18.3.1',
63 warn ERESOLVE     from: {
63 warn ERESOLVE       name: 'react-dom',
63 warn ERESOLVE       version: '18.3.1',
63 warn ERESOLVE       location: 'node_modules/react-dom',
63 warn ERESOLVE       isWorkspace: false,
63 warn ERESOLVE       dependents: [Array]
63 warn ERESOLVE     }
63 warn ERESOLVE   },
63 warn ERESOLVE   dep: {
63 warn ERESOLVE     name: 'react',
63 warn ERESOLVE     version: '19.2.3',
63 warn ERESOLVE     whileInstalling: {
63 warn ERESOLVE       name: 'Accezz',
63 warn ERESOLVE       version: '0.2.0',
63 warn ERESOLVE       path: '/Users/mac/Desktop/accezz-supabase'
63 warn ERESOLVE     },
63 warn ERESOLVE     location: 'node_modules/react',
63 warn ERESOLVE     isWorkspace: false,
63 warn ERESOLVE     dependents: [ [Object] ]
63 warn ERESOLVE   },
63 warn ERESOLVE   force: false,
63 warn ERESOLVE   isMine: true,
63 warn ERESOLVE   strictPeerDeps: false,
63 warn ERESOLVE   current: {
63 warn ERESOLVE     name: 'react',
63 warn ERESOLVE     version: '18.3.1',
63 warn ERESOLVE     location: 'node_modules/react',
63 warn ERESOLVE     isWorkspace: false,
63 warn ERESOLVE     dependents: [
63 warn ERESOLVE       [Object], [Object], [Object], [Object],
63 warn ERESOLVE       [Object], [Object], [Object], [Object],
63 warn ERESOLVE       [Object], [Object], [Object], [Object],
63 warn ERESOLVE       [Object], [Object], [Object], [Object],
63 warn ERESOLVE       [Object], [Object], [Object], [Object],
63 warn ERESOLVE       [Object], [Object], [Object], [Object],
63 warn ERESOLVE       [Object], [Object], [Object], [Object],
63 warn ERESOLVE       [Object], [Object], [Object], [Object],
63 warn ERESOLVE       [Object], [Object], [Object], [Object]
63 warn ERESOLVE     ]
63 warn ERESOLVE   }
63 warn ERESOLVE }
64 warn ERESOLVE overriding peer dependency {
64 warn ERESOLVE   code: 'ERESOLVE',
64 warn ERESOLVE   edge: {
64 warn ERESOLVE     type: 'peer',
64 warn ERESOLVE     name: 'react',
64 warn ERESOLVE     spec: '^18.3.1',
64 warn ERESOLVE     from: {
64 warn ERESOLVE       name: 'react-dom',
64 warn ERESOLVE       version: '18.3.1',
64 warn ERESOLVE       location: 'node_modules/react-dom',
64 warn ERESOLVE       isWorkspace: false,
64 warn ERESOLVE       dependents: [Array]
64 warn ERESOLVE     }
64 warn ERESOLVE   },
64 warn ERESOLVE   dep: {
64 warn ERESOLVE     name: 'react',
64 warn ERESOLVE     version: '19.2.3',
64 warn ERESOLVE     whileInstalling: {
64 warn ERESOLVE       name: 'Accezz',
64 warn ERESOLVE       version: '0.2.0',
64 warn ERESOLVE       path: '/Users/mac/Desktop/accezz-supabase'
64 warn ERESOLVE     },
64 warn ERESOLVE     location: 'node_modules/react',
64 warn ERESOLVE     isWorkspace: false,
64 warn ERESOLVE     dependents: [ [Object] ]
64 warn ERESOLVE   },
64 warn ERESOLVE   force: false,
64 warn ERESOLVE   isMine: true,
64 warn ERESOLVE   strictPeerDeps: false,
64 warn ERESOLVE   current: {
64 warn ERESOLVE     name: 'react',
64 warn ERESOLVE     version: '18.3.1',
64 warn ERESOLVE     location: 'node_modules/react',
64 warn ERESOLVE     isWorkspace: false,
64 warn ERESOLVE     dependents: [
64 warn ERESOLVE       [Object], [Object], [Object], [Object],
64 warn ERESOLVE       [Object], [Object], [Object], [Object],
64 warn ERESOLVE       [Object], [Object], [Object], [Object],
64 warn ERESOLVE       [Object], [Object], [Object], [Object],
64 warn ERESOLVE       [Object], [Object], [Object], [Object],
64 warn ERESOLVE       [Object], [Object], [Object], [Object],
64 warn ERESOLVE       [Object], [Object], [Object], [Object],
64 warn ERESOLVE       [Object], [Object], [Object], [Object],
64 warn ERESOLVE       [Object], [Object], [Object], [Object]
64 warn ERESOLVE     ]
64 warn ERESOLVE   }
64 warn ERESOLVE }
65 warn ERESOLVE overriding peer dependency {
65 warn ERESOLVE   code: 'ERESOLVE',
65 warn ERESOLVE   edge: {
65 warn ERESOLVE     type: 'peer',
65 warn ERESOLVE     name: 'react',
65 warn ERESOLVE     spec: '^16.0.0 || ^17.0.0 || ^18.0.0',
65 warn ERESOLVE     from: {
65 warn ERESOLVE       name: 'react-spinners',
65 warn ERESOLVE       version: '0.14.1',
65 warn ERESOLVE       location: 'node_modules/react-spinners',
65 warn ERESOLVE       isWorkspace: false,
65 warn ERESOLVE       dependents: [Array]
65 warn ERESOLVE     }
65 warn ERESOLVE   },
65 warn ERESOLVE   dep: {
65 warn ERESOLVE     name: 'react',
65 warn ERESOLVE     version: '19.2.3',
65 warn ERESOLVE     whileInstalling: {
65 warn ERESOLVE       name: 'Accezz',
65 warn ERESOLVE       version: '0.2.0',
65 warn ERESOLVE       path: '/Users/mac/Desktop/accezz-supabase'
65 warn ERESOLVE     },
65 warn ERESOLVE     location: 'node_modules/react',
65 warn ERESOLVE     isWorkspace: false,
65 warn ERESOLVE     dependents: [ [Object] ]
65 warn ERESOLVE   },
65 warn ERESOLVE   force: false,
65 warn ERESOLVE   isMine: true,
65 warn ERESOLVE   strictPeerDeps: false,
65 warn ERESOLVE   current: {
65 warn ERESOLVE     name: 'react',
65 warn ERESOLVE     version: '18.3.1',
65 warn ERESOLVE     location: 'node_modules/react',
65 warn ERESOLVE     isWorkspace: false,
65 warn ERESOLVE     dependents: [
65 warn ERESOLVE       [Object], [Object], [Object], [Object],
65 warn ERESOLVE       [Object], [Object], [Object], [Object],
65 warn ERESOLVE       [Object], [Object], [Object], [Object],
65 warn ERESOLVE       [Object], [Object], [Object], [Object],
65 warn ERESOLVE       [Object], [Object], [Object], [Object],
65 warn ERESOLVE       [Object], [Object], [Object], [Object],
65 warn ERESOLVE       [Object], [Object], [Object], [Object],
65 warn ERESOLVE       [Object], [Object], [Object], [Object],
65 warn ERESOLVE       [Object], [Object], [Object], [Object]
65 warn ERESOLVE     ]
65 warn ERESOLVE   }
65 warn ERESOLVE }
66 silly placeDep ROOT react-dom@19.2.3 REPLACE for: Accezz@0.2.0 want: 19.2.3
67 warn ERESOLVE overriding peer dependency {
67 warn ERESOLVE   code: 'ERESOLVE',
67 warn ERESOLVE   edge: {
67 warn ERESOLVE     type: 'peer',
67 warn ERESOLVE     name: 'react-dom',
67 warn ERESOLVE     spec: '^16.0.0 || ^17.0.0 || ^18.0.0',
67 warn ERESOLVE     from: {
67 warn ERESOLVE       name: 'react-spinners',
67 warn ERESOLVE       version: '0.14.1',
67 warn ERESOLVE       location: 'node_modules/react-spinners',
67 warn ERESOLVE       isWorkspace: false,
67 warn ERESOLVE       dependents: [Array]
67 warn ERESOLVE     }
67 warn ERESOLVE   },
67 warn ERESOLVE   dep: {
67 warn ERESOLVE     name: 'react-dom',
67 warn ERESOLVE     version: '19.2.3',
67 warn ERESOLVE     whileInstalling: {
67 warn ERESOLVE       name: 'Accezz',
67 warn ERESOLVE       version: '0.2.0',
67 warn ERESOLVE       path: '/Users/mac/Desktop/accezz-supabase'
67 warn ERESOLVE     },
67 warn ERESOLVE     location: 'node_modules/react-dom',
67 warn ERESOLVE     isWorkspace: false,
67 warn ERESOLVE     dependents: [ [Object] ]
67 warn ERESOLVE   },
67 warn ERESOLVE   force: false,
67 warn ERESOLVE   isMine: true,
67 warn ERESOLVE   strictPeerDeps: false,
67 warn ERESOLVE   current: {
67 warn ERESOLVE     name: 'react-dom',
67 warn ERESOLVE     version: '18.3.1',
67 warn ERESOLVE     location: 'node_modules/react-dom',
67 warn ERESOLVE     isWorkspace: false,
67 warn ERESOLVE     dependents: [
67 warn ERESOLVE       [Object], [Object],
67 warn ERESOLVE       [Object], [Object],
67 warn ERESOLVE       [Object], [Object],
67 warn ERESOLVE       [Object], [Object],
67 warn ERESOLVE       [Object], [Object],
67 warn ERESOLVE       [Object], [Object],
67 warn ERESOLVE       [Object]
67 warn ERESOLVE     ]
67 warn ERESOLVE   }
67 warn ERESOLVE }
68 silly fetch manifest @next/env@15.3.6
69 silly packumentCache full:https://registry.npmjs.org/@next%2fenv cache-miss
70 silly fetch manifest @next/swc-darwin-x64@15.3.5
71 silly packumentCache full:https://registry.npmjs.org/@next%2fswc-darwin-x64 cache-miss
72 silly fetch manifest @next/swc-darwin-arm64@15.3.5
73 silly packumentCache full:https://registry.npmjs.org/@next%2fswc-darwin-arm64 cache-miss
74 silly fetch manifest @next/swc-linux-x64-gnu@15.3.5
75 silly packumentCache full:https://registry.npmjs.org/@next%2fswc-linux-x64-gnu cache-miss
76 silly fetch manifest @next/swc-linux-x64-musl@15.3.5
77 silly packumentCache full:https://registry.npmjs.org/@next%2fswc-linux-x64-musl cache-miss
78 silly fetch manifest @next/swc-win32-x64-msvc@15.3.5
79 silly packumentCache full:https://registry.npmjs.org/@next%2fswc-win32-x64-msvc cache-miss
80 silly fetch manifest @next/swc-linux-arm64-gnu@15.3.5
81 silly packumentCache full:https://registry.npmjs.org/@next%2fswc-linux-arm64-gnu cache-miss
82 http fetch GET 200 https://registry.npmjs.org/@next%2fswc-win32-x64-msvc 17837ms (cache miss)
83 silly packumentCache full:https://registry.npmjs.org/@next%2fswc-win32-x64-msvc set size:undefined disposed:false
84 silly fetch manifest @next/swc-linux-arm64-musl@15.3.5
85 silly packumentCache full:https://registry.npmjs.org/@next%2fswc-linux-arm64-musl cache-miss
86 silly fetch manifest @next/swc-win32-arm64-msvc@15.3.5
87 silly packumentCache full:https://registry.npmjs.org/@next%2fswc-win32-arm64-msvc cache-miss
88 silly fetch manifest scheduler@^0.27.0
89 silly packumentCache full:https://registry.npmjs.org/scheduler cache-miss
90 http fetch GET 200 https://registry.npmjs.org/@next%2fenv 37615ms (cache miss)
91 silly packumentCache full:https://registry.npmjs.org/@next%2fenv set size:undefined disposed:false
92 http fetch GET 200 https://registry.npmjs.org/scheduler 16836ms (cache miss)
93 silly packumentCache full:https://registry.npmjs.org/scheduler set size:undefined disposed:false
94 http fetch GET 200 https://registry.npmjs.org/@next%2fswc-linux-arm64-gnu 48673ms (cache miss)
95 silly packumentCache full:https://registry.npmjs.org/@next%2fswc-linux-arm64-gnu set size:undefined disposed:false
96 http fetch GET 200 https://registry.npmjs.org/@next%2fswc-win32-arm64-msvc 20569ms (cache miss)
97 silly packumentCache full:https://registry.npmjs.org/@next%2fswc-win32-arm64-msvc set size:undefined disposed:false
98 silly fetch manifest react-calendar@^5.1.0
99 silly packumentCache full:https://registry.npmjs.org/react-calendar cache-miss
100 http fetch GET 200 https://registry.npmjs.org/react-calendar 905ms (cache miss)
101 silly packumentCache full:https://registry.npmjs.org/react-calendar set size:undefined disposed:false
102 silly fetch manifest @types/react@^18
103 silly packumentCache full:https://registry.npmjs.org/@types%2freact cache-miss
104 http fetch GET 200 https://registry.npmjs.org/@types%2freact 527ms (cache miss)
105 silly packumentCache full:https://registry.npmjs.org/@types%2freact set size:undefined disposed:false
106 silly placeDep ROOT next@15.3.6 REPLACE for: Accezz@0.2.0 want: 15.3.6
107 silly placeDep ROOT react@19.2.3 REPLACE for: Accezz@0.2.0 want: 19.2.3
108 silly placeDep ROOT react-calendar@5.1.0 OK for: Accezz@0.2.0 want: ^5.1.0
109 silly placeDep ROOT react-dom@19.2.3 REPLACE for: Accezz@0.2.0 want: 19.2.3
110 silly fetch manifest @next/swc-darwin-x64@15.3.5
111 silly packumentCache full:https://registry.npmjs.org/@next%2fswc-darwin-x64 cache-miss
112 silly fetch manifest @next/swc-darwin-arm64@15.3.5
113 silly packumentCache full:https://registry.npmjs.org/@next%2fswc-darwin-arm64 cache-miss
114 silly fetch manifest @next/swc-linux-x64-gnu@15.3.5
115 silly packumentCache full:https://registry.npmjs.org/@next%2fswc-linux-x64-gnu cache-miss
116 silly fetch manifest @next/swc-linux-x64-musl@15.3.5
117 silly packumentCache full:https://registry.npmjs.org/@next%2fswc-linux-x64-musl cache-miss
118 silly fetch manifest @next/swc-linux-arm64-musl@15.3.5
119 silly packumentCache full:https://registry.npmjs.org/@next%2fswc-linux-arm64-musl cache-miss
120 silly fetch manifest warning@^4.0.0
121 silly packumentCache full:https://registry.npmjs.org/warning cache-miss
122 silly fetch manifest get-user-locale@^2.2.1
123 silly packumentCache full:https://registry.npmjs.org/get-user-locale cache-miss
124 http fetch GET 200 https://registry.npmjs.org/@next%2fswc-darwin-arm64 2824ms (cache miss)
125 silly packumentCache full:https://registry.npmjs.org/@next%2fswc-darwin-arm64 set size:undefined disposed:false
126 silly fetch manifest @wojtekmaj/date-utils@^1.1.3
127 silly packumentCache full:https://registry.npmjs.org/@wojtekmaj%2fdate-utils cache-miss
128 http fetch GET 200 https://registry.npmjs.org/@next%2fswc-linux-x64-gnu 2856ms (cache miss)
129 silly packumentCache full:https://registry.npmjs.org/@next%2fswc-linux-x64-gnu set size:undefined disposed:false
130 http fetch GET 200 https://registry.npmjs.org/@next%2fswc-linux-x64-musl 2915ms (cache miss)
131 silly packumentCache full:https://registry.npmjs.org/@next%2fswc-linux-x64-musl set size:undefined disposed:false
132 http fetch GET 200 https://registry.npmjs.org/@next%2fswc-darwin-x64 2946ms (cache miss)
133 silly packumentCache full:https://registry.npmjs.org/@next%2fswc-darwin-x64 set size:undefined disposed:false
134 http fetch GET 200 https://registry.npmjs.org/get-user-locale 3172ms (cache miss)
135 silly packumentCache full:https://registry.npmjs.org/get-user-locale set size:undefined disposed:false
136 http fetch GET 200 https://registry.npmjs.org/@wojtekmaj%2fdate-utils 360ms (cache miss)
137 silly packumentCache full:https://registry.npmjs.org/@wojtekmaj%2fdate-utils set size:undefined disposed:false
138 http fetch GET 200 https://registry.npmjs.org/@next%2fswc-linux-arm64-musl 4357ms (cache miss)
139 silly packumentCache full:https://registry.npmjs.org/@next%2fswc-linux-arm64-musl set size:undefined disposed:false
140 http fetch GET 200 https://registry.npmjs.org/warning 4498ms (cache miss)
141 silly packumentCache full:https://registry.npmjs.org/warning set size:undefined disposed:false
142 silly fetch manifest @floating-ui/react@^0.26.16
143 silly packumentCache full:https://registry.npmjs.org/@floating-ui%2freact cache-miss
144 http fetch GET 200 https://registry.npmjs.org/@floating-ui%2freact 300ms (cache miss)
145 silly packumentCache full:https://registry.npmjs.org/@floating-ui%2freact set size:undefined disposed:false
146 silly fetch manifest react@^18 || ^19 || ^19.0.0-rc
147 silly packumentCache full:https://registry.npmjs.org/react cache-miss
148 http cache https://registry.npmjs.org/react 21ms (cache hit)
149 silly packumentCache full:https://registry.npmjs.org/react set size:6344067 disposed:false
150 silly fetch manifest react-dom@^18 || ^19 || ^19.0.0-rc
151 silly packumentCache full:https://registry.npmjs.org/react-dom cache-miss
152 http cache https://registry.npmjs.org/react-dom 30ms (cache hit)
153 silly packumentCache full:https://registry.npmjs.org/react-dom set size:8342628 disposed:false
154 silly fetch manifest @tanstack/react-virtual@^3.8.1
155 silly packumentCache full:https://registry.npmjs.org/@tanstack%2freact-virtual cache-miss
156 http fetch GET 200 https://registry.npmjs.org/@tanstack%2freact-virtual 559ms (cache miss)
157 silly packumentCache full:https://registry.npmjs.org/@tanstack%2freact-virtual set size:undefined disposed:false
158 silly placeDep ROOT @floating-ui/react@0.26.28 OK for: @headlessui/react@2.2.0 want: ^0.26.16
159 silly placeDep ROOT @tanstack/react-virtual@3.13.13 OK for: @headlessui/react@2.2.0 want: ^3.8.1
160 silly fetch manifest tabbable@^6.0.0
161 silly packumentCache full:https://registry.npmjs.org/tabbable cache-miss
162 silly fetch manifest @floating-ui/utils@^0.2.8
163 silly packumentCache full:https://registry.npmjs.org/@floating-ui%2futils cache-miss
164 silly fetch manifest @floating-ui/react-dom@^2.1.2
165 silly packumentCache full:https://registry.npmjs.org/@floating-ui%2freact-dom cache-miss
166 silly fetch manifest @tanstack/virtual-core@3.13.13
167 silly packumentCache full:https://registry.npmjs.org/@tanstack%2fvirtual-core cache-miss
168 http fetch GET 200 https://registry.npmjs.org/@floating-ui%2futils 350ms (cache miss)
169 silly packumentCache full:https://registry.npmjs.org/@floating-ui%2futils set size:undefined disposed:false
170 http fetch GET 200 https://registry.npmjs.org/@floating-ui%2freact-dom 353ms (cache miss)
171 silly packumentCache full:https://registry.npmjs.org/@floating-ui%2freact-dom set size:undefined disposed:false
172 http fetch GET 200 https://registry.npmjs.org/@tanstack%2fvirtual-core 667ms (cache miss)
173 silly packumentCache full:https://registry.npmjs.org/@tanstack%2fvirtual-core set size:undefined disposed:false
174 http fetch GET 200 https://registry.npmjs.org/tabbable 733ms (cache miss)
175 silly packumentCache full:https://registry.npmjs.org/tabbable set size:undefined disposed:false
176 silly fetch manifest react@>=16.8.0
177 silly packumentCache full:https://registry.npmjs.org/react cache-miss
178 http cache https://registry.npmjs.org/react 17ms (cache hit)
179 silly packumentCache full:https://registry.npmjs.org/react set size:6344067 disposed:false
180 silly fetch manifest react-dom@>=16.8.0
181 silly packumentCache full:https://registry.npmjs.org/react-dom cache-miss
182 http cache https://registry.npmjs.org/react-dom 23ms (cache hit)
183 silly packumentCache full:https://registry.npmjs.org/react-dom set size:8342628 disposed:false
184 silly placeDep ROOT @floating-ui/react-dom@2.1.6 OK for: @floating-ui/react@0.26.28 want: ^2.1.2
185 silly placeDep ROOT @floating-ui/utils@0.2.10 OK for: @floating-ui/react@0.26.28 want: ^0.2.8
186 silly placeDep ROOT tabbable@6.3.0 OK for: @floating-ui/react@0.26.28 want: ^6.0.0
187 silly fetch manifest @floating-ui/dom@^1.7.4
188 silly packumentCache full:https://registry.npmjs.org/@floating-ui%2fdom cache-miss
189 http fetch GET 200 https://registry.npmjs.org/@floating-ui%2fdom 731ms (cache miss)
190 silly packumentCache full:https://registry.npmjs.org/@floating-ui%2fdom set size:undefined disposed:false
191 silly placeDep ROOT @floating-ui/dom@1.7.4 OK for: @floating-ui/react-dom@2.1.6 want: ^1.7.4
192 silly fetch manifest @floating-ui/core@^1.7.3
193 silly packumentCache full:https://registry.npmjs.org/@floating-ui%2fcore cache-miss
194 http fetch GET 200 https://registry.npmjs.org/@floating-ui%2fcore 293ms (cache miss)
195 silly packumentCache full:https://registry.npmjs.org/@floating-ui%2fcore set size:undefined disposed:false
196 silly placeDep ROOT @floating-ui/core@1.7.3 OK for: @floating-ui/dom@1.7.4 want: ^1.7.3
197 silly fetch manifest react-transition-group@^4.4.5
198 silly packumentCache full:https://registry.npmjs.org/react-transition-group cache-miss
199 http fetch GET 200 https://registry.npmjs.org/react-transition-group 294ms (cache miss)
200 silly packumentCache full:https://registry.npmjs.org/react-transition-group set size:undefined disposed:false
201 silly fetch manifest react@^17.0.0 || ^18.0.0 || ^19.0.0
202 silly packumentCache full:https://registry.npmjs.org/react cache-miss
203 http cache https://registry.npmjs.org/react 14ms (cache hit)
204 silly packumentCache full:https://registry.npmjs.org/react set size:6344067 disposed:false
205 silly fetch manifest react-dom@^17.0.0 || ^18.0.0 || ^19.0.0
206 silly packumentCache full:https://registry.npmjs.org/react-dom cache-miss
207 http cache https://registry.npmjs.org/react-dom 19ms (cache hit)
208 silly packumentCache full:https://registry.npmjs.org/react-dom set size:8342628 disposed:false
209 silly placeDep ROOT react-transition-group@4.4.5 OK for: @mui/material@6.4.11 want: ^4.4.5
210 silly fetch manifest dom-helpers@^5.0.1
211 silly packumentCache full:https://registry.npmjs.org/dom-helpers cache-miss
212 http fetch GET 200 https://registry.npmjs.org/dom-helpers 316ms (cache miss)
213 silly packumentCache full:https://registry.npmjs.org/dom-helpers set size:undefined disposed:false
214 silly fetch manifest @opentelemetry/core@^2.0.0
215 silly packumentCache full:https://registry.npmjs.org/@opentelemetry%2fcore cache-miss
216 http fetch GET 200 https://registry.npmjs.org/@opentelemetry%2fcore 274ms (cache revalidated)
217 silly packumentCache full:https://registry.npmjs.org/@opentelemetry%2fcore set size:789177 disposed:false
218 silly fetch manifest @opentelemetry/api@^1.4.1
219 silly packumentCache full:https://registry.npmjs.org/@opentelemetry%2fapi cache-hit
220 warn ERESOLVE overriding peer dependency {
220 warn ERESOLVE   code: 'ERESOLVE',
220 warn ERESOLVE   edge: {
220 warn ERESOLVE     type: 'peer',
220 warn ERESOLVE     name: '@opentelemetry/core',
220 warn ERESOLVE     spec: '^2.0.0',
220 warn ERESOLVE     error: 'PEER LOCAL',
220 warn ERESOLVE     from: {
220 warn ERESOLVE       name: '@opentelemetry/auto-instrumentations-node',
220 warn ERESOLVE       version: '0.66.0',
220 warn ERESOLVE       location: 'node_modules/@opentelemetry/auto-instrumentations-node',
220 warn ERESOLVE       isWorkspace: false,
220 warn ERESOLVE       dependents: [Array]
220 warn ERESOLVE     }
220 warn ERESOLVE   },
220 warn ERESOLVE   dep: {
220 warn ERESOLVE     name: '@opentelemetry/core',
220 warn ERESOLVE     version: '2.2.0',
220 warn ERESOLVE     whileInstalling: {
220 warn ERESOLVE       name: '@opentelemetry/auto-instrumentations-node',
220 warn ERESOLVE       version: '0.66.0',
220 warn ERESOLVE       path: '/Users/mac/Desktop/accezz-supabase/node_modules/@opentelemetry/auto-instrumentations-node'
220 warn ERESOLVE     },
220 warn ERESOLVE     location: 'node_modules/@opentelemetry/core',
220 warn ERESOLVE     isWorkspace: false,
220 warn ERESOLVE     dependents: [ [Object] ]
220 warn ERESOLVE   },
220 warn ERESOLVE   force: false,
220 warn ERESOLVE   isMine: false,
220 warn ERESOLVE   strictPeerDeps: false,
220 warn ERESOLVE   current: {
220 warn ERESOLVE     name: '@opentelemetry/core',
220 warn ERESOLVE     version: '2.2.0',
220 warn ERESOLVE     location: 'node_modules/@opentelemetry/auto-instrumentations-node/node_modules/@opentelemetry/core',
220 warn ERESOLVE     isWorkspace: false,
220 warn ERESOLVE     dependents: [ [Object] ]
220 warn ERESOLVE   },
220 warn ERESOLVE   peerConflict: {
220 warn ERESOLVE     current: {
220 warn ERESOLVE       name: '@opentelemetry/core',
220 warn ERESOLVE       version: '2.2.0',
220 warn ERESOLVE       location: 'node_modules/@opentelemetry/auto-instrumentations-node/node_modules/@opentelemetry/core',
220 warn ERESOLVE       isWorkspace: false,
220 warn ERESOLVE       dependents: [Array]
220 warn ERESOLVE     },
220 warn ERESOLVE     peer: {
220 warn ERESOLVE       name: '@opentelemetry/core',
220 warn ERESOLVE       version: '2.2.0',
220 warn ERESOLVE       whileInstalling: [Object],
220 warn ERESOLVE       location: 'node_modules/@opentelemetry/core',
220 warn ERESOLVE       isWorkspace: false,
220 warn ERESOLVE       dependents: [Array]
220 warn ERESOLVE     }
220 warn ERESOLVE   }
220 warn ERESOLVE }
221 silly placeDep ROOT @tanstack/virtual-core@3.13.13 OK for: @tanstack/react-virtual@3.13.13 want: 3.13.13
222 silly fetch manifest typescript@>=4.8.4 <5.8.0
223 silly packumentCache full:https://registry.npmjs.org/typescript cache-miss
224 http fetch GET 200 https://registry.npmjs.org/typescript 3621ms (cache updated)
225 silly packumentCache full:https://registry.npmjs.org/typescript set size:undefined disposed:false
226 warn ERESOLVE overriding peer dependency {
226 warn ERESOLVE   code: 'ERESOLVE',
226 warn ERESOLVE   edge: {
226 warn ERESOLVE     type: 'peer',
226 warn ERESOLVE     name: 'typescript',
226 warn ERESOLVE     spec: '>=4.8.4 <5.8.0',
226 warn ERESOLVE     error: 'INVALID',
226 warn ERESOLVE     from: {
226 warn ERESOLVE       name: '@typescript-eslint/eslint-plugin',
226 warn ERESOLVE       version: '8.18.2',
226 warn ERESOLVE       location: 'node_modules/@typescript-eslint/eslint-plugin',
226 warn ERESOLVE       isWorkspace: false,
226 warn ERESOLVE       dependents: [Array]
226 warn ERESOLVE     }
226 warn ERESOLVE   },
226 warn ERESOLVE   dep: {
226 warn ERESOLVE     name: 'typescript',
226 warn ERESOLVE     version: '5.7.3',
226 warn ERESOLVE     whileInstalling: {
226 warn ERESOLVE       name: '@typescript-eslint/eslint-plugin',
226 warn ERESOLVE       version: '8.18.2',
226 warn ERESOLVE       path: '/Users/mac/Desktop/accezz-supabase/node_modules/@typescript-eslint/eslint-plugin'
226 warn ERESOLVE     },
226 warn ERESOLVE     location: 'node_modules/typescript',
226 warn ERESOLVE     isWorkspace: false,
226 warn ERESOLVE     dependents: [ [Object] ]
226 warn ERESOLVE   },
226 warn ERESOLVE   force: false,
226 warn ERESOLVE   isMine: false,
226 warn ERESOLVE   strictPeerDeps: false,
226 warn ERESOLVE   current: {
226 warn ERESOLVE     name: 'typescript',
226 warn ERESOLVE     version: '5.9.3',
226 warn ERESOLVE     location: 'node_modules/typescript',
226 warn ERESOLVE     isWorkspace: false,
226 warn ERESOLVE     dependents: [ [Object], [Object], [Object], [Object], [Object] ]
226 warn ERESOLVE   },
226 warn ERESOLVE   peerConflict: {
226 warn ERESOLVE     current: {
226 warn ERESOLVE       name: 'typescript',
226 warn ERESOLVE       version: '5.9.3',
226 warn ERESOLVE       location: 'node_modules/typescript',
226 warn ERESOLVE       isWorkspace: false,
226 warn ERESOLVE       dependents: [Array]
226 warn ERESOLVE     },
226 warn ERESOLVE     peer: {
226 warn ERESOLVE       name: 'typescript',
226 warn ERESOLVE       version: '5.7.3',
226 warn ERESOLVE       whileInstalling: [Object],
226 warn ERESOLVE       location: 'node_modules/typescript',
226 warn ERESOLVE       isWorkspace: false,
226 warn ERESOLVE       dependents: [Array]
226 warn ERESOLVE     }
226 warn ERESOLVE   }
226 warn ERESOLVE }
227 warn ERESOLVE overriding peer dependency {
227 warn ERESOLVE   code: 'ERESOLVE',
227 warn ERESOLVE   edge: {
227 warn ERESOLVE     type: 'peer',
227 warn ERESOLVE     name: 'typescript',
227 warn ERESOLVE     spec: '>=4.8.4 <5.8.0',
227 warn ERESOLVE     error: 'INVALID',
227 warn ERESOLVE     from: {
227 warn ERESOLVE       name: '@typescript-eslint/parser',
227 warn ERESOLVE       version: '8.18.2',
227 warn ERESOLVE       location: 'node_modules/@typescript-eslint/parser',
227 warn ERESOLVE       isWorkspace: false,
227 warn ERESOLVE       dependents: [Array]
227 warn ERESOLVE     }
227 warn ERESOLVE   },
227 warn ERESOLVE   dep: {
227 warn ERESOLVE     name: 'typescript',
227 warn ERESOLVE     version: '5.7.3',
227 warn ERESOLVE     whileInstalling: {
227 warn ERESOLVE       name: '@typescript-eslint/parser',
227 warn ERESOLVE       version: '8.18.2',
227 warn ERESOLVE       path: '/Users/mac/Desktop/accezz-supabase/node_modules/@typescript-eslint/parser'
227 warn ERESOLVE     },
227 warn ERESOLVE     location: 'node_modules/typescript',
227 warn ERESOLVE     isWorkspace: false,
227 warn ERESOLVE     dependents: [ [Object] ]
227 warn ERESOLVE   },
227 warn ERESOLVE   force: false,
227 warn ERESOLVE   isMine: false,
227 warn ERESOLVE   strictPeerDeps: false,
227 warn ERESOLVE   current: {
227 warn ERESOLVE     name: 'typescript',
227 warn ERESOLVE     version: '5.9.3',
227 warn ERESOLVE     location: 'node_modules/typescript',
227 warn ERESOLVE     isWorkspace: false,
227 warn ERESOLVE     dependents: [ [Object], [Object], [Object], [Object], [Object] ]
227 warn ERESOLVE   },
227 warn ERESOLVE   peerConflict: {
227 warn ERESOLVE     current: {
227 warn ERESOLVE       name: 'typescript',
227 warn ERESOLVE       version: '5.9.3',
227 warn ERESOLVE       location: 'node_modules/typescript',
227 warn ERESOLVE       isWorkspace: false,
227 warn ERESOLVE       dependents: [Array]
227 warn ERESOLVE     },
227 warn ERESOLVE     peer: {
227 warn ERESOLVE       name: 'typescript',
227 warn ERESOLVE       version: '5.7.3',
227 warn ERESOLVE       whileInstalling: [Object],
227 warn ERESOLVE       location: 'node_modules/typescript',
227 warn ERESOLVE       isWorkspace: false,
227 warn ERESOLVE       dependents: [Array]
227 warn ERESOLVE     }
227 warn ERESOLVE   }
227 warn ERESOLVE }
228 warn ERESOLVE overriding peer dependency {
228 warn ERESOLVE   code: 'ERESOLVE',
228 warn ERESOLVE   edge: {
228 warn ERESOLVE     type: 'peer',
228 warn ERESOLVE     name: 'typescript',
228 warn ERESOLVE     spec: '>=4.8.4 <5.8.0',
228 warn ERESOLVE     error: 'INVALID',
228 warn ERESOLVE     from: {
228 warn ERESOLVE       name: '@typescript-eslint/type-utils',
228 warn ERESOLVE       version: '8.18.2',
228 warn ERESOLVE       location: 'node_modules/@typescript-eslint/type-utils',
228 warn ERESOLVE       isWorkspace: false,
228 warn ERESOLVE       dependents: [Array]
228 warn ERESOLVE     }
228 warn ERESOLVE   },
228 warn ERESOLVE   dep: {
228 warn ERESOLVE     name: 'typescript',
228 warn ERESOLVE     version: '5.7.3',
228 warn ERESOLVE     whileInstalling: {
228 warn ERESOLVE       name: '@typescript-eslint/type-utils',
228 warn ERESOLVE       version: '8.18.2',
228 warn ERESOLVE       path: '/Users/mac/Desktop/accezz-supabase/node_modules/@typescript-eslint/type-utils'
228 warn ERESOLVE     },
228 warn ERESOLVE     location: 'node_modules/typescript',
228 warn ERESOLVE     isWorkspace: false,
228 warn ERESOLVE     dependents: [ [Object] ]
228 warn ERESOLVE   },
228 warn ERESOLVE   force: false,
228 warn ERESOLVE   isMine: false,
228 warn ERESOLVE   strictPeerDeps: false,
228 warn ERESOLVE   current: {
228 warn ERESOLVE     name: 'typescript',
228 warn ERESOLVE     version: '5.9.3',
228 warn ERESOLVE     location: 'node_modules/typescript',
228 warn ERESOLVE     isWorkspace: false,
228 warn ERESOLVE     dependents: [ [Object], [Object], [Object], [Object], [Object] ]
228 warn ERESOLVE   },
228 warn ERESOLVE   peerConflict: {
228 warn ERESOLVE     current: {
228 warn ERESOLVE       name: 'typescript',
228 warn ERESOLVE       version: '5.9.3',
228 warn ERESOLVE       location: 'node_modules/typescript',
228 warn ERESOLVE       isWorkspace: false,
228 warn ERESOLVE       dependents: [Array]
228 warn ERESOLVE     },
228 warn ERESOLVE     peer: {
228 warn ERESOLVE       name: 'typescript',
228 warn ERESOLVE       version: '5.7.3',
228 warn ERESOLVE       whileInstalling: [Object],
228 warn ERESOLVE       location: 'node_modules/typescript',
228 warn ERESOLVE       isWorkspace: false,
228 warn ERESOLVE       dependents: [Array]
228 warn ERESOLVE     }
228 warn ERESOLVE   }
228 warn ERESOLVE }
229 warn ERESOLVE overriding peer dependency {
229 warn ERESOLVE   code: 'ERESOLVE',
229 warn ERESOLVE   edge: {
229 warn ERESOLVE     type: 'peer',
229 warn ERESOLVE     name: 'typescript',
229 warn ERESOLVE     spec: '>=4.8.4 <5.8.0',
229 warn ERESOLVE     error: 'INVALID',
229 warn ERESOLVE     from: {
229 warn ERESOLVE       name: '@typescript-eslint/typescript-estree',
229 warn ERESOLVE       version: '8.18.2',
229 warn ERESOLVE       location: 'node_modules/@typescript-eslint/typescript-estree',
229 warn ERESOLVE       isWorkspace: false,
229 warn ERESOLVE       dependents: [Array]
229 warn ERESOLVE     }
229 warn ERESOLVE   },
229 warn ERESOLVE   dep: {
229 warn ERESOLVE     name: 'typescript',
229 warn ERESOLVE     version: '5.7.3',
229 warn ERESOLVE     whileInstalling: {
229 warn ERESOLVE       name: '@typescript-eslint/typescript-estree',
229 warn ERESOLVE       version: '8.18.2',
229 warn ERESOLVE       path: '/Users/mac/Desktop/accezz-supabase/node_modules/@typescript-eslint/typescript-estree'
229 warn ERESOLVE     },
229 warn ERESOLVE     location: 'node_modules/typescript',
229 warn ERESOLVE     isWorkspace: false,
229 warn ERESOLVE     dependents: [ [Object] ]
229 warn ERESOLVE   },
229 warn ERESOLVE   force: false,
229 warn ERESOLVE   isMine: false,
229 warn ERESOLVE   strictPeerDeps: false,
229 warn ERESOLVE   current: {
229 warn ERESOLVE     name: 'typescript',
229 warn ERESOLVE     version: '5.9.3',
229 warn ERESOLVE     location: 'node_modules/typescript',
229 warn ERESOLVE     isWorkspace: false,
229 warn ERESOLVE     dependents: [ [Object], [Object], [Object], [Object], [Object] ]
229 warn ERESOLVE   },
229 warn ERESOLVE   peerConflict: {
229 warn ERESOLVE     current: {
229 warn ERESOLVE       name: 'typescript',
229 warn ERESOLVE       version: '5.9.3',
229 warn ERESOLVE       location: 'node_modules/typescript',
229 warn ERESOLVE       isWorkspace: false,
229 warn ERESOLVE       dependents: [Array]
229 warn ERESOLVE     },
229 warn ERESOLVE     peer: {
229 warn ERESOLVE       name: 'typescript',
229 warn ERESOLVE       version: '5.7.3',
229 warn ERESOLVE       whileInstalling: [Object],
229 warn ERESOLVE       location: 'node_modules/typescript',
229 warn ERESOLVE       isWorkspace: false,
229 warn ERESOLVE       dependents: [Array]
229 warn ERESOLVE     }
229 warn ERESOLVE   }
229 warn ERESOLVE }
230 warn ERESOLVE overriding peer dependency {
230 warn ERESOLVE   code: 'ERESOLVE',
230 warn ERESOLVE   edge: {
230 warn ERESOLVE     type: 'peer',
230 warn ERESOLVE     name: 'typescript',
230 warn ERESOLVE     spec: '>=4.8.4 <5.8.0',
230 warn ERESOLVE     error: 'INVALID',
230 warn ERESOLVE     from: {
230 warn ERESOLVE       name: '@typescript-eslint/utils',
230 warn ERESOLVE       version: '8.18.2',
230 warn ERESOLVE       location: 'node_modules/@typescript-eslint/utils',
230 warn ERESOLVE       isWorkspace: false,
230 warn ERESOLVE       dependents: [Array]
230 warn ERESOLVE     }
230 warn ERESOLVE   },
230 warn ERESOLVE   dep: {
230 warn ERESOLVE     name: 'typescript',
230 warn ERESOLVE     version: '5.7.3',
230 warn ERESOLVE     whileInstalling: {
230 warn ERESOLVE       name: '@typescript-eslint/utils',
230 warn ERESOLVE       version: '8.18.2',
230 warn ERESOLVE       path: '/Users/mac/Desktop/accezz-supabase/node_modules/@typescript-eslint/utils'
230 warn ERESOLVE     },
230 warn ERESOLVE     location: 'node_modules/typescript',
230 warn ERESOLVE     isWorkspace: false,
230 warn ERESOLVE     dependents: [ [Object] ]
230 warn ERESOLVE   },
230 warn ERESOLVE   force: false,
230 warn ERESOLVE   isMine: false,
230 warn ERESOLVE   strictPeerDeps: false,
230 warn ERESOLVE   current: {
230 warn ERESOLVE     name: 'typescript',
230 warn ERESOLVE     version: '5.9.3',
230 warn ERESOLVE     location: 'node_modules/typescript',
230 warn ERESOLVE     isWorkspace: false,
230 warn ERESOLVE     dependents: [ [Object], [Object], [Object], [Object], [Object] ]
230 warn ERESOLVE   },
230 warn ERESOLVE   peerConflict: {
230 warn ERESOLVE     current: {
230 warn ERESOLVE       name: 'typescript',
230 warn ERESOLVE       version: '5.9.3',
230 warn ERESOLVE       location: 'node_modules/typescript',
230 warn ERESOLVE       isWorkspace: false,
230 warn ERESOLVE       dependents: [Array]
230 warn ERESOLVE     },
230 warn ERESOLVE     peer: {
230 warn ERESOLVE       name: 'typescript',
230 warn ERESOLVE       version: '5.7.3',
230 warn ERESOLVE       whileInstalling: [Object],
230 warn ERESOLVE       location: 'node_modules/typescript',
230 warn ERESOLVE       isWorkspace: false,
230 warn ERESOLVE       dependents: [Array]
230 warn ERESOLVE     }
230 warn ERESOLVE   }
230 warn ERESOLVE }
231 silly placeDep ROOT @next/env@15.3.6 OK for: next@15.3.6 want: 15.3.6
232 silly placeDep ROOT @next/swc-darwin-arm64@15.3.5 OK for: next@15.3.6 want: 15.3.5
233 silly placeDep ROOT @next/swc-darwin-x64@15.3.5 OK for: next@15.3.6 want: 15.3.5
234 silly placeDep ROOT @next/swc-linux-arm64-gnu@15.3.5 OK for: next@15.3.6 want: 15.3.5
235 silly placeDep ROOT @next/swc-linux-arm64-musl@15.3.5 OK for: next@15.3.6 want: 15.3.5
236 silly placeDep ROOT @next/swc-linux-x64-gnu@15.3.5 OK for: next@15.3.6 want: 15.3.5
237 silly placeDep ROOT @next/swc-linux-x64-musl@15.3.5 OK for: next@15.3.6 want: 15.3.5
238 silly placeDep ROOT @next/swc-win32-arm64-msvc@15.3.5 OK for: next@15.3.6 want: 15.3.5
239 silly placeDep ROOT @next/swc-win32-x64-msvc@15.3.5 OK for: next@15.3.6 want: 15.3.5
240 silly placeDep ROOT @wojtekmaj/date-utils@1.5.1 OK for: react-calendar@5.1.0 want: ^1.1.3
241 silly placeDep ROOT get-user-locale@2.3.2 OK for: react-calendar@5.1.0 want: ^2.2.1
242 silly placeDep ROOT warning@4.0.3 OK for: react-calendar@5.1.0 want: ^4.0.0
243 silly fetch manifest mem@^8.0.0
244 silly packumentCache full:https://registry.npmjs.org/mem cache-miss
245 http fetch GET 200 https://registry.npmjs.org/mem 311ms (cache miss)
246 silly packumentCache full:https://registry.npmjs.org/mem set size:undefined disposed:false
247 silly placeDep ROOT mem@8.1.1 OK for: get-user-locale@2.3.2 want: ^8.0.0
248 silly fetch manifest map-age-cleaner@^0.1.3
249 silly packumentCache full:https://registry.npmjs.org/map-age-cleaner cache-miss
250 silly fetch manifest mimic-fn@^3.1.0
251 silly packumentCache full:https://registry.npmjs.org/mimic-fn cache-miss
252 http fetch GET 200 https://registry.npmjs.org/mimic-fn 264ms (cache miss)
253 silly packumentCache full:https://registry.npmjs.org/mimic-fn set size:undefined disposed:false
254 http fetch GET 200 https://registry.npmjs.org/map-age-cleaner 266ms (cache miss)
255 silly packumentCache full:https://registry.npmjs.org/map-age-cleaner set size:undefined disposed:false
256 silly placeDep ROOT map-age-cleaner@0.1.3 OK for: mem@8.1.1 want: ^0.1.3
257 silly placeDep ROOT mimic-fn@3.1.0 OK for: mem@8.1.1 want: ^3.1.0
258 silly fetch manifest p-defer@^1.0.0
259 silly packumentCache full:https://registry.npmjs.org/p-defer cache-miss
260 http fetch GET 200 https://registry.npmjs.org/p-defer 247ms (cache miss)
261 silly packumentCache full:https://registry.npmjs.org/p-defer set size:undefined disposed:false
262 silly placeDep ROOT p-defer@1.0.0 OK for: map-age-cleaner@0.1.3 want: ^1.0.0
263 silly placeDep ROOT scheduler@0.27.0 OK for: react-dom@19.2.3 want: ^0.27.0
264 silly placeDep ROOT dom-helpers@5.2.1 OK for: react-transition-group@4.4.5 want: ^5.0.1
265 silly reify mark retired [ '/Users/mac/Desktop/accezz-supabase/node_modules/@floating-ui/core' ]
266 silly reify mark retired [ '/Users/mac/Desktop/accezz-supabase/node_modules/@floating-ui/dom' ]
267 silly reify mark retired [
267 silly reify   '/Users/mac/Desktop/accezz-supabase/node_modules/@floating-ui/react-dom'
267 silly reify ]
268 silly reify mark retired [
268 silly reify   '/Users/mac/Desktop/accezz-supabase/node_modules/@floating-ui/utils'
268 silly reify ]
269 silly reify mark retired [ '/Users/mac/Desktop/accezz-supabase/node_modules/@next/env' ]
270 silly reify mark retired [
270 silly reify   '/Users/mac/Desktop/accezz-supabase/node_modules/@next/swc-darwin-x64'
270 silly reify ]
271 silly reify mark retired [
271 silly reify   '/Users/mac/Desktop/accezz-supabase/node_modules/@tanstack/react-virtual'
271 silly reify ]
272 silly reify mark retired [
272 silly reify   '/Users/mac/Desktop/accezz-supabase/node_modules/@tanstack/virtual-core'
272 silly reify ]
273 silly reify mark retired [
273 silly reify   '/Users/mac/Desktop/accezz-supabase/node_modules/next',
273 silly reify   '/Users/mac/Desktop/accezz-supabase/node_modules/.bin/next'
273 silly reify ]
274 silly reify mark retired [ '/Users/mac/Desktop/accezz-supabase/node_modules/react' ]
275 silly reify mark retired [ '/Users/mac/Desktop/accezz-supabase/node_modules/react-dom' ]
276 silly reify mark retired [ '/Users/mac/Desktop/accezz-supabase/node_modules/scheduler' ]
277 silly reify mark retired [ '/Users/mac/Desktop/accezz-supabase/node_modules/tabbable' ]
278 silly reify moves {
278 silly reify   '/Users/mac/Desktop/accezz-supabase/node_modules/@floating-ui/core': '/Users/mac/Desktop/accezz-supabase/node_modules/@floating-ui/.core-qh3gYbxP',
278 silly reify   '/Users/mac/Desktop/accezz-supabase/node_modules/@floating-ui/dom': '/Users/mac/Desktop/accezz-supabase/node_modules/@floating-ui/.dom-BnQJw3vo',
278 silly reify   '/Users/mac/Desktop/accezz-supabase/node_modules/@floating-ui/react-dom': '/Users/mac/Desktop/accezz-supabase/node_modules/@floating-ui/.react-dom-kjE7qeL3',
278 silly reify   '/Users/mac/Desktop/accezz-supabase/node_modules/@floating-ui/utils': '/Users/mac/Desktop/accezz-supabase/node_modules/@floating-ui/.utils-ABSnDe8D',
278 silly reify   '/Users/mac/Desktop/accezz-supabase/node_modules/@next/env': '/Users/mac/Desktop/accezz-supabase/node_modules/@next/.env-wewIvr6K',
278 silly reify   '/Users/mac/Desktop/accezz-supabase/node_modules/@next/swc-darwin-x64': '/Users/mac/Desktop/accezz-supabase/node_modules/@next/.swc-darwin-x64-NK31jU5Y',
278 silly reify   '/Users/mac/Desktop/accezz-supabase/node_modules/@tanstack/react-virtual': '/Users/mac/Desktop/accezz-supabase/node_modules/@tanstack/.react-virtual-ix6j4nX2',
278 silly reify   '/Users/mac/Desktop/accezz-supabase/node_modules/@tanstack/virtual-core': '/Users/mac/Desktop/accezz-supabase/node_modules/@tanstack/.virtual-core-rz7S4yS5',
278 silly reify   '/Users/mac/Desktop/accezz-supabase/node_modules/next': '/Users/mac/Desktop/accezz-supabase/node_modules/.next-1Mk82132',
278 silly reify   '/Users/mac/Desktop/accezz-supabase/node_modules/.bin/next': '/Users/mac/Desktop/accezz-supabase/node_modules/.bin/.next-A7iMcxUw',
278 silly reify   '/Users/mac/Desktop/accezz-supabase/node_modules/react': '/Users/mac/Desktop/accezz-supabase/node_modules/.react-dMtJcu7a',
278 silly reify   '/Users/mac/Desktop/accezz-supabase/node_modules/react-dom': '/Users/mac/Desktop/accezz-supabase/node_modules/.react-dom-G4mLSMOn',
278 silly reify   '/Users/mac/Desktop/accezz-supabase/node_modules/scheduler': '/Users/mac/Desktop/accezz-supabase/node_modules/.scheduler-CuFWKokM',
278 silly reify   '/Users/mac/Desktop/accezz-supabase/node_modules/tabbable': '/Users/mac/Desktop/accezz-supabase/node_modules/.tabbable-DeWIreEs'
278 silly reify }
279 silly audit bulk request {
279 silly audit   '@alloc/quick-lru': [ '5.2.0' ],
279 silly audit   '@ampproject/remapping': [ '2.3.0' ],
279 silly audit   '@aws-crypto/sha256-browser': [ '5.2.0' ],
279 silly audit   '@smithy/is-array-buffer': [ '2.2.0', '4.2.0' ],
279 silly audit   '@smithy/util-buffer-from': [ '2.2.0', '4.2.0' ],
279 silly audit   '@smithy/util-utf8': [ '2.3.0', '4.2.0' ],
279 silly audit   '@aws-crypto/sha256-js': [ '5.2.0' ],
279 silly audit   '@aws-crypto/supports-web-crypto': [ '5.2.0' ],
279 silly audit   '@aws-crypto/util': [ '5.2.0' ],
279 silly audit   '@aws-sdk/client-sesv2': [ '3.922.0' ],
279 silly audit   '@aws-sdk/client-sso': [ '3.922.0' ],
279 silly audit   '@aws-sdk/core': [ '3.922.0' ],
279 silly audit   '@aws-sdk/credential-provider-env': [ '3.922.0' ],
279 silly audit   '@aws-sdk/credential-provider-http': [ '3.922.0' ],
279 silly audit   '@aws-sdk/credential-provider-ini': [ '3.922.0' ],
279 silly audit   '@aws-sdk/credential-provider-node': [ '3.922.0' ],
279 silly audit   '@aws-sdk/credential-provider-process': [ '3.922.0' ],
279 silly audit   '@aws-sdk/credential-provider-sso': [ '3.922.0' ],
279 silly audit   '@aws-sdk/credential-provider-web-identity': [ '3.922.0' ],
279 silly audit   '@aws-sdk/middleware-host-header': [ '3.922.0' ],
279 silly audit   '@aws-sdk/middleware-logger': [ '3.922.0' ],
279 silly audit   '@aws-sdk/middleware-recursion-detection': [ '3.922.0' ],
279 silly audit   '@aws-sdk/middleware-sdk-s3': [ '3.922.0' ],
279 silly audit   '@aws-sdk/middleware-user-agent': [ '3.922.0' ],
279 silly audit   '@aws-sdk/nested-clients': [ '3.922.0' ],
279 silly audit   '@aws-sdk/region-config-resolver': [ '3.922.0' ],
279 silly audit   '@aws-sdk/signature-v4-multi-region': [ '3.922.0' ],
279 silly audit   '@aws-sdk/token-providers': [ '3.922.0' ],
279 silly audit   '@aws-sdk/types': [ '3.922.0' ],
279 silly audit   '@aws-sdk/util-arn-parser': [ '3.893.0' ],
279 silly audit   '@aws-sdk/util-endpoints': [ '3.922.0' ],
279 silly audit   '@aws-sdk/util-locate-window': [ '3.893.0' ],
279 silly audit   '@aws-sdk/util-user-agent-browser': [ '3.922.0' ],
279 silly audit   '@aws-sdk/util-user-agent-node': [ '3.922.0' ],
279 silly audit   '@aws-sdk/xml-builder': [ '3.921.0' ],
279 silly audit   '@aws/lambda-invoke-store': [ '0.1.1' ],
279 silly audit   '@babel/code-frame': [ '7.27.1' ],
279 silly audit   '@babel/compat-data': [ '7.27.5' ],
279 silly audit   '@babel/core': [ '7.27.4' ],
279 silly audit   'convert-source-map': [ '2.0.0', '1.9.0' ],
279 silly audit   json5: [ '2.2.3', '1.0.2' ],
279 silly audit   semver: [ '6.3.1', '7.6.3', '7.7.2' ],
279 silly audit   '@babel/generator': [ '7.27.5' ],
279 silly audit   '@babel/helper-annotate-as-pure': [ '7.27.3' ],
279 silly audit   '@babel/helper-compilation-targets': [ '7.27.2' ],
279 silly audit   'lru-cache': [ '5.1.1', '10.4.3' ],
279 silly audit   '@babel/helper-create-class-features-plugin': [ '7.27.1' ],
279 silly audit   '@babel/helper-create-regexp-features-plugin': [ '7.27.1' ],
279 silly audit   '@babel/helper-define-polyfill-provider': [ '0.6.4' ],
279 silly audit   '@babel/helper-member-expression-to-functions': [ '7.27.1' ],
279 silly audit   '@babel/helper-module-imports': [ '7.27.1' ],
279 silly audit   '@babel/helper-module-transforms': [ '7.27.3' ],
279 silly audit   '@babel/helper-optimise-call-expression': [ '7.27.1' ],
279 silly audit   '@babel/helper-plugin-utils': [ '7.27.1' ],
279 silly audit   '@babel/helper-remap-async-to-generator': [ '7.27.1' ],
279 silly audit   '@babel/helper-replace-supers': [ '7.27.1' ],
279 silly audit   '@babel/helper-skip-transparent-expression-wrappers': [ '7.27.1' ],
279 silly audit   '@babel/helper-string-parser': [ '7.27.1' ],
279 silly audit   '@babel/helper-validator-identifier': [ '7.27.1' ],
279 silly audit   '@babel/helper-validator-option': [ '7.27.1' ],
279 silly audit   '@babel/helper-wrap-function': [ '7.27.1' ],
279 silly audit   '@babel/helpers': [ '7.27.4' ],
279 silly audit   '@babel/parser': [ '7.27.5' ],
279 silly audit   '@babel/plugin-bugfix-firefox-class-in-computed-class-key': [ '7.27.1' ],
279 silly audit   '@babel/plugin-bugfix-safari-class-field-initializer-scope': [ '7.27.1' ],
279 silly audit   '@babel/plugin-bugfix-safari-id-destructuring-collision-in-function-expression': [ '7.27.1' ],
279 silly audit   '@babel/plugin-bugfix-v8-spread-parameters-in-optional-chaining': [ '7.27.1' ],
279 silly audit   '@babel/plugin-bugfix-v8-static-class-fields-redefine-readonly': [ '7.27.1' ],
279 silly audit   '@babel/plugin-proposal-private-property-in-object': [ '7.21.0-placeholder-for-preset-env.2' ],
279 silly audit   '@babel/plugin-syntax-import-assertions': [ '7.27.1' ],
279 silly audit   '@babel/plugin-syntax-import-attributes': [ '7.27.1' ],
279 silly audit   '@babel/plugin-syntax-unicode-sets-regex': [ '7.18.6' ],
279 silly audit   '@babel/plugin-transform-arrow-functions': [ '7.27.1' ],
279 silly audit   '@babel/plugin-transform-async-generator-functions': [ '7.27.1' ],
279 silly audit   '@babel/plugin-transform-async-to-generator': [ '7.27.1' ],
279 silly audit   '@babel/plugin-transform-block-scoped-functions': [ '7.27.1' ],
279 silly audit   '@babel/plugin-transform-block-scoping': [ '7.27.5' ],
279 silly audit   '@babel/plugin-transform-class-properties': [ '7.27.1' ],
279 silly audit   '@babel/plugin-transform-class-static-block': [ '7.27.1' ],
279 silly audit   '@babel/plugin-transform-classes': [ '7.27.1' ],
279 silly audit   '@babel/plugin-transform-computed-properties': [ '7.27.1' ],
279 silly audit   '@babel/plugin-transform-destructuring': [ '7.27.3' ],
279 silly audit   '@babel/plugin-transform-dotall-regex': [ '7.27.1' ],
279 silly audit   '@babel/plugin-transform-duplicate-keys': [ '7.27.1' ],
279 silly audit   '@babel/plugin-transform-duplicate-named-capturing-groups-regex': [ '7.27.1' ],
279 silly audit   '@babel/plugin-transform-dynamic-import': [ '7.27.1' ],
279 silly audit   '@babel/plugin-transform-exponentiation-operator': [ '7.27.1' ],
279 silly audit   '@babel/plugin-transform-export-namespace-from': [ '7.27.1' ],
279 silly audit   '@babel/plugin-transform-for-of': [ '7.27.1' ],
279 silly audit   '@babel/plugin-transform-function-name': [ '7.27.1' ],
279 silly audit   '@babel/plugin-transform-json-strings': [ '7.27.1' ],
279 silly audit   '@babel/plugin-transform-literals': [ '7.27.1' ],
279 silly audit   '@babel/plugin-transform-logical-assignment-operators': [ '7.27.1' ],
279 silly audit   '@babel/plugin-transform-member-expression-literals': [ '7.27.1' ],
279 silly audit   '@babel/plugin-transform-modules-amd': [ '7.27.1' ],
279 silly audit   '@babel/plugin-transform-modules-commonjs': [ '7.27.1' ],
279 silly audit   '@babel/plugin-transform-modules-systemjs': [ '7.27.1' ],
279 silly audit   '@babel/plugin-transform-modules-umd': [ '7.27.1' ],
279 silly audit   '@babel/plugin-transform-named-capturing-groups-regex': [ '7.27.1' ],
279 silly audit   '@babel/plugin-transform-new-target': [ '7.27.1' ],
279 silly audit   '@babel/plugin-transform-nullish-coalescing-operator': [ '7.27.1' ],
279 silly audit   '@babel/plugin-transform-numeric-separator': [ '7.27.1' ],
279 silly audit   '@babel/plugin-transform-object-rest-spread': [ '7.27.3' ],
279 silly audit   '@babel/plugin-transform-object-super': [ '7.27.1' ],
279 silly audit   '@babel/plugin-transform-optional-catch-binding': [ '7.27.1' ],
279 silly audit   '@babel/plugin-transform-optional-chaining': [ '7.27.1' ],
279 silly audit   '@babel/plugin-transform-parameters': [ '7.27.1' ],
279 silly audit   '@babel/plugin-transform-private-methods': [ '7.27.1' ],
279 silly audit   '@babel/plugin-transform-private-property-in-object': [ '7.27.1' ],
279 silly audit   '@babel/plugin-transform-property-literals': [ '7.27.1' ],
279 silly audit   '@babel/plugin-transform-regenerator': [ '7.27.5' ],
279 silly audit   '@babel/plugin-transform-regexp-modifiers': [ '7.27.1' ],
279 silly audit   '@babel/plugin-transform-reserved-words': [ '7.27.1' ],
279 silly audit   '@babel/plugin-transform-shorthand-properties': [ '7.27.1' ],
279 silly audit   '@babel/plugin-transform-spread': [ '7.27.1' ],
279 silly audit   '@babel/plugin-transform-sticky-regex': [ '7.27.1' ],
279 silly audit   '@babel/plugin-transform-template-literals': [ '7.27.1' ],
279 silly audit   '@babel/plugin-transform-typeof-symbol': [ '7.27.1' ],
279 silly audit   '@babel/plugin-transform-unicode-escapes': [ '7.27.1' ],
279 silly audit   '@babel/plugin-transform-unicode-property-regex': [ '7.27.1' ],
279 silly audit   '@babel/plugin-transform-unicode-regex': [ '7.27.1' ],
279 silly audit   '@babel/plugin-transform-unicode-sets-regex': [ '7.27.1' ],
279 silly audit   '@babel/preset-env': [ '7.27.2' ],
279 silly audit   '@babel/preset-modules': [ '0.1.6-no-external-plugins' ],
279 silly audit   '@babel/runtime': [ '7.27.6' ],
279 silly audit   '@babel/template': [ '7.27.2' ],
279 silly audit   '@babel/traverse': [ '7.27.4' ],
279 silly audit   '@babel/types': [ '7.27.3' ],
279 silly audit   '@bufbuild/protobuf': [ '2.10.1' ],
279 silly audit   '@ducanh2912/next-pwa': [ '10.2.9' ],
279 silly audit   '@apideck/better-ajv-errors': [ '0.3.6' ],
279 silly audit   '@rollup/plugin-node-resolve': [ '15.3.1', '11.2.1' ],
279 silly audit   '@rollup/pluginutils': [ '5.2.0', '3.1.0' ],
279 silly audit   '@types/resolve': [ '1.20.2', '1.17.1' ],
279 silly audit   ajv: [ '8.17.1', '6.12.6' ],
279 silly audit   'estree-walker': [ '2.0.2', '1.0.1' ],
279 silly audit   'fast-glob': [ '3.3.2', '3.3.1' ],
279 silly audit   'glob-parent': [ '5.1.2', '6.0.2' ],
279 silly audit   'json-schema-traverse': [ '1.0.0', '0.4.1' ],
279 silly audit   picomatch: [ '4.0.2', '2.3.1' ],
279 silly audit   'source-map': [ '0.8.0-beta.0', '0.6.1', '0.5.7' ],
279 silly audit   'webpack-sources': [ '1.4.3', '3.2.3' ],
279 silly audit   'workbox-background-sync': [ '7.1.0', '6.6.0' ],
279 silly audit   'workbox-broadcast-update': [ '7.1.0', '6.6.0' ],
279 silly audit   'workbox-build': [ '7.1.1', '7.1.0', '6.6.0' ],
279 silly audit   'workbox-cacheable-response': [ '7.1.0', '6.6.0' ],
279 silly audit   'workbox-core': [ '7.1.0', '6.6.0' ],
279 silly audit   'workbox-expiration': [ '7.1.0', '6.6.0' ],
279 silly audit   'workbox-google-analytics': [ '7.1.0', '6.6.0' ],
279 silly audit   'workbox-navigation-preload': [ '7.1.0', '6.6.0' ],
279 silly audit   'workbox-precaching': [ '7.1.0', '6.6.0' ],
279 silly audit   'workbox-range-requests': [ '7.1.0', '6.6.0' ],
279 silly audit   'workbox-recipes': [ '7.1.0', '6.6.0' ],
279 silly audit   'workbox-routing': [ '7.1.0', '6.6.0' ],
279 silly audit   'workbox-strategies': [ '7.1.0', '6.6.0' ],
279 silly audit   'workbox-streams': [ '7.1.0', '6.6.0' ],
279 silly audit   'workbox-sw': [ '7.1.0', '6.6.0' ],
279 silly audit   'workbox-webpack-plugin': [ '7.1.0', '6.6.0' ],
279 silly audit   'workbox-window': [ '7.1.0', '6.6.0' ],
279 silly audit   '@emnapi/runtime': [ '1.4.3' ],
279 silly audit   '@emotion/babel-plugin': [ '11.13.5' ],
279 silly audit   '@emotion/cache': [ '11.14.0' ],
279 silly audit   '@emotion/hash': [ '0.9.2' ],
279 silly audit   '@emotion/is-prop-valid': [ '1.3.1' ],
279 silly audit   '@emotion/memoize': [ '0.9.0' ],
279 silly audit   '@emotion/react': [ '11.14.0' ],
279 silly audit   '@emotion/serialize': [ '1.3.3' ],
279 silly audit   '@emotion/sheet': [ '1.4.0' ],
279 silly audit   '@emotion/styled': [ '11.14.0' ],
279 silly audit   '@emotion/unitless': [ '0.10.0' ],
279 silly audit   '@emotion/use-insertion-effect-with-fallbacks': [ '1.2.0' ],
279 silly audit   '@emotion/utils': [ '1.4.2' ],
279 silly audit   '@emotion/weak-memoize': [ '0.4.0' ],
279 silly audit   '@eslint-community/eslint-utils': [ '4.4.1' ],
279 silly audit   '@eslint-community/regexpp': [ '4.12.1' ],
279 silly audit   '@eslint/eslintrc': [ '2.1.4' ],
279 silly audit   globals: [ '13.24.0', '11.12.0' ],
279 silly audit   '@eslint/js': [ '8.57.1' ],
279 silly audit   '@grpc/grpc-js': [ '1.14.1' ],
279 silly audit   '@grpc/proto-loader': [ '0.8.0' ],
279 silly audit   cliui: [ '8.0.1', '6.0.0' ],
279 silly audit   'emoji-regex': [ '8.0.0', '9.2.2' ],
279 silly audit   'string-width': [ '4.2.3', '5.1.2' ],
279 silly audit   'wrap-ansi': [ '7.0.0', '6.2.0', '8.1.0' ],
279 silly audit   y18n: [ '5.0.8', '4.0.3' ],
279 silly audit   yargs: [ '17.7.2', '15.4.1' ],
279 silly audit   'yargs-parser': [ '21.1.1', '18.1.3' ],
279 silly audit   '@headlessui/react': [ '2.2.0' ],
279 silly audit   '@humanwhocodes/config-array': [ '0.13.0' ],
279 silly audit   '@humanwhocodes/module-importer': [ '1.0.1' ],
279 silly audit   '@humanwhocodes/object-schema': [ '2.0.3' ],
279 silly audit   '@img/sharp-darwin-arm64': [ '0.34.2' ],
279 silly audit   '@img/sharp-darwin-x64': [ '0.34.2' ],
279 silly audit   '@img/sharp-libvips-darwin-arm64': [ '1.1.0' ],
279 silly audit   '@img/sharp-libvips-darwin-x64': [ '1.1.0' ],
279 silly audit   '@img/sharp-libvips-linux-arm': [ '1.1.0' ],
279 silly audit   '@img/sharp-libvips-linux-arm64': [ '1.1.0' ],
279 silly audit   '@img/sharp-libvips-linux-ppc64': [ '1.1.0' ],
279 silly audit   '@img/sharp-libvips-linux-s390x': [ '1.1.0' ],
279 silly audit   '@img/sharp-libvips-linux-x64': [ '1.1.0' ],
279 silly audit   '@img/sharp-libvips-linuxmusl-arm64': [ '1.1.0' ],
279 silly audit   '@img/sharp-libvips-linuxmusl-x64': [ '1.1.0' ],
279 silly audit   '@img/sharp-linux-arm': [ '0.34.2' ],
279 silly audit   '@img/sharp-linux-arm64': [ '0.34.2' ],
279 silly audit   '@img/sharp-linux-s390x': [ '0.34.2' ],
279 silly audit   '@img/sharp-linux-x64': [ '0.34.2' ],
279 silly audit   '@img/sharp-linuxmusl-arm64': [ '0.34.2' ],
279 silly audit   '@img/sharp-linuxmusl-x64': [ '0.34.2' ],
279 silly audit   '@img/sharp-wasm32': [ '0.34.2' ],
279 silly audit   '@img/sharp-win32-arm64': [ '0.34.2' ],
279 silly audit   '@img/sharp-win32-ia32': [ '0.34.2' ],
279 silly audit   '@img/sharp-win32-x64': [ '0.34.2' ],
279 silly audit   '@inngest/ai': [ '0.1.7' ],
279 silly audit   '@isaacs/cliui': [ '8.0.2' ],
279 silly audit   'ansi-regex': [ '6.1.0', '5.0.1', '4.1.1' ],
279 silly audit   'strip-ansi': [ '7.1.0', '5.2.0', '6.0.1' ],
279 silly audit   '@jpwilliams/waitgroup': [ '2.1.1' ],
279 silly audit   '@jridgewell/gen-mapping': [ '0.3.8' ],
279 silly audit   '@jridgewell/resolve-uri': [ '3.1.2' ],
279 silly audit   '@jridgewell/set-array': [ '1.2.1' ],
279 silly audit   '@jridgewell/source-map': [ '0.3.6' ],
279 silly audit   '@jridgewell/sourcemap-codec': [ '1.5.0' ],
279 silly audit   '@jridgewell/trace-mapping': [ '0.3.25' ],
279 silly audit   '@js-sdsl/ordered-map': [ '4.4.2' ],
279 silly audit   '@kurkle/color': [ '0.3.4' ],
279 silly audit   '@mui/core-downloads-tracker': [ '6.4.11' ],
279 silly audit   '@mui/icons-material': [ '6.3.0' ],
279 silly audit   '@mui/material': [ '6.4.11' ],
279 silly audit   '@mui/private-theming': [ '6.4.9' ],
279 silly audit   '@mui/styled-engine': [ '6.4.11' ],
279 silly audit   '@mui/system': [ '6.4.11' ],
279 silly audit   '@mui/types': [ '7.2.24' ],
279 silly audit   '@mui/utils': [ '6.4.9' ],
279 silly audit   '@next/eslint-plugin-next': [ '15.0.2' ],
279 silly audit   '@nodelib/fs.scandir': [ '2.1.5' ],
279 silly audit   '@nodelib/fs.stat': [ '2.0.5' ],
279 silly audit   '@nodelib/fs.walk': [ '1.2.8' ],
279 silly audit   '@nolyfill/is-core-module': [ '1.0.39' ],
279 silly audit   '@opentelemetry/api': [ '1.9.0' ],
279 silly audit   '@opentelemetry/api-logs': [ '0.57.2', '0.207.0' ],
279 silly audit   '@opentelemetry/auto-instrumentations-node': [ '0.66.0' ],
279 silly audit   '@opentelemetry/core': [ '2.2.0', '1.30.1' ],
279 silly audit   '@opentelemetry/instrumentation': [ '0.207.0', '0.57.2' ],
279 silly audit   '@opentelemetry/resources': [ '2.2.0', '1.30.1' ],
279 silly audit   '@opentelemetry/semantic-conventions': [ '1.38.0', '1.28.0' ],
279 silly audit   'import-in-the-middle': [ '2.0.0', '1.15.0' ],
279 silly audit   'require-in-the-middle': [ '8.0.1', '7.5.2' ],
279 silly audit   '@opentelemetry/context-async-hooks': [ '1.30.1', '2.2.0' ],
279 silly audit   '@opentelemetry/exporter-logs-otlp-grpc': [ '0.207.0' ],
279 silly audit   '@opentelemetry/otlp-exporter-base': [ '0.207.0', '0.57.2' ],
279 silly audit   '@opentelemetry/otlp-transformer': [ '0.207.0', '0.57.2' ],
279 silly audit   '@opentelemetry/sdk-logs': [ '0.207.0', '0.57.2' ],
279 silly audit   '@opentelemetry/sdk-metrics': [ '2.2.0', '1.30.1' ],
279 silly audit   '@opentelemetry/sdk-trace-base': [ '2.2.0', '1.30.1' ],
279 silly audit   '@opentelemetry/exporter-logs-otlp-http': [ '0.207.0' ],
279 silly audit   '@opentelemetry/exporter-logs-otlp-proto': [ '0.207.0' ],
279 silly audit   '@opentelemetry/exporter-metrics-otlp-grpc': [ '0.207.0' ],
279 silly audit   '@opentelemetry/exporter-metrics-otlp-http': [ '0.207.0' ],
279 silly audit   '@opentelemetry/exporter-metrics-otlp-proto': [ '0.207.0' ],
279 silly audit   '@opentelemetry/exporter-prometheus': [ '0.207.0' ],
279 silly audit   '@opentelemetry/exporter-trace-otlp-grpc': [ '0.207.0' ],
279 silly audit   '@opentelemetry/exporter-trace-otlp-http': [ '0.57.2', '0.207.0' ],
279 silly audit   '@opentelemetry/exporter-trace-otlp-proto': [ '0.207.0' ],
279 silly audit   '@opentelemetry/exporter-zipkin': [ '2.2.0' ],
279 silly audit   '@opentelemetry/instrumentation-amqplib': [ '0.54.0' ],
279 silly audit   '@opentelemetry/instrumentation-aws-lambda': [ '0.59.0' ],
279 silly audit   '@opentelemetry/instrumentation-aws-sdk': [ '0.63.0' ],
279 silly audit   '@opentelemetry/instrumentation-bunyan': [ '0.53.0' ],
279 silly audit   '@opentelemetry/instrumentation-cassandra-driver': [ '0.53.0' ],
279 silly audit   '@opentelemetry/instrumentation-connect': [ '0.51.0' ],
279 silly audit   '@opentelemetry/instrumentation-cucumber': [ '0.23.0' ],
279 silly audit   '@opentelemetry/instrumentation-dataloader': [ '0.25.0' ],
279 silly audit   '@opentelemetry/instrumentation-dns': [ '0.51.0' ],
279 silly audit   '@opentelemetry/instrumentation-express': [ '0.56.0' ],
279 silly audit   '@opentelemetry/instrumentation-fastify': [ '0.52.0' ],
279 silly audit   '@opentelemetry/instrumentation-fs': [ '0.27.0' ],
279 silly audit   '@opentelemetry/instrumentation-generic-pool': [ '0.51.0' ],
279 silly audit   '@opentelemetry/instrumentation-graphql': [ '0.55.0' ],
279 silly audit   '@opentelemetry/instrumentation-grpc': [ '0.207.0' ],
279 silly audit   '@opentelemetry/instrumentation-hapi': [ '0.54.0' ],
279 silly audit   '@opentelemetry/instrumentation-http': [ '0.207.0' ],
279 silly audit   '@opentelemetry/instrumentation-ioredis': [ '0.55.0' ],
279 silly audit   '@opentelemetry/instrumentation-kafkajs': [ '0.17.0' ],
279 silly audit   '@opentelemetry/instrumentation-knex': [ '0.52.0' ],
279 silly audit   '@opentelemetry/instrumentation-koa': [ '0.56.0' ],
279 silly audit   '@opentelemetry/instrumentation-lru-memoizer': [ '0.52.0' ],
279 silly audit   '@opentelemetry/instrumentation-memcached': [ '0.51.0' ],
279 silly audit   '@opentelemetry/instrumentation-mongodb': [ '0.60.0' ],
279 silly audit   '@opentelemetry/instrumentation-mongoose': [ '0.54.0' ],
279 silly audit   '@opentelemetry/instrumentation-mysql': [ '0.53.0' ],
279 silly audit   '@opentelemetry/instrumentation-mysql2': [ '0.54.0' ],
279 silly audit   '@opentelemetry/instrumentation-nestjs-core': [ '0.54.0' ],
279 silly audit   '@opentelemetry/instrumentation-net': [ '0.51.0' ],
279 silly audit   '@opentelemetry/instrumentation-openai': [ '0.5.0' ],
279 silly audit   '@opentelemetry/instrumentation-oracledb': [ '0.33.0' ],
279 silly audit   '@opentelemetry/instrumentation-pg': [ '0.60.0' ],
279 silly audit   '@opentelemetry/instrumentation-pino': [ '0.54.0' ],
279 silly audit   '@opentelemetry/instrumentation-redis': [ '0.56.0' ],
279 silly audit   '@opentelemetry/instrumentation-restify': [ '0.53.0' ],
279 silly audit   '@opentelemetry/instrumentation-router': [ '0.52.0' ],
279 silly audit   '@opentelemetry/instrumentation-runtime-node': [ '0.21.0' ],
279 silly audit   '@opentelemetry/instrumentation-socket.io': [ '0.54.0' ],
279 silly audit   '@opentelemetry/instrumentation-tedious': [ '0.26.0' ],
279 silly audit   '@opentelemetry/instrumentation-undici': [ '0.18.0' ],
279 silly audit   '@opentelemetry/instrumentation-winston': [ '0.52.0' ],
279 silly audit   '@opentelemetry/otlp-grpc-exporter-base': [ '0.207.0' ],
279 silly audit   '@opentelemetry/propagator-b3': [ '2.2.0' ],
279 silly audit   '@opentelemetry/propagator-jaeger': [ '2.2.0' ],
279 silly audit   '@opentelemetry/redis-common': [ '0.38.2' ],
279 silly audit   '@opentelemetry/resource-detector-alibaba-cloud': [ '0.31.11' ],
279 silly audit   '@opentelemetry/resource-detector-aws': [ '2.8.0' ],
279 silly audit   '@opentelemetry/resource-detector-azure': [ '0.15.0' ],
279 silly audit   '@opentelemetry/resource-detector-container': [ '0.7.11' ],
279 silly audit   '@opentelemetry/resource-detector-gcp': [ '0.42.0' ],
279 silly audit   '@opentelemetry/sdk-node': [ '0.207.0' ],
279 silly audit   '@opentelemetry/sdk-trace-node': [ '2.2.0' ],
279 silly audit   '@opentelemetry/sql-common': [ '0.41.2' ],
279 silly audit   '@pkgjs/parseargs': [ '0.11.0' ],
279 silly audit   '@popperjs/core': [ '2.11.8' ],
279 silly audit   '@protobufjs/aspromise': [ '1.1.2' ],
279 silly audit   '@protobufjs/base64': [ '1.1.2' ],
279 silly audit   '@protobufjs/codegen': [ '2.0.4' ],
279 silly audit   '@protobufjs/eventemitter': [ '1.1.0' ],
279 silly audit   '@protobufjs/fetch': [ '1.1.0' ],
279 silly audit   '@protobufjs/float': [ '1.0.2' ],
279 silly audit   '@protobufjs/inquire': [ '1.1.0' ],
279 silly audit   '@protobufjs/path': [ '1.1.2' ],
279 silly audit   '@protobufjs/pool': [ '1.1.0' ],
279 silly audit   '@protobufjs/utf8': [ '1.1.0' ],
279 silly audit   '@react-aria/focus': [ '3.19.0' ],
279 silly audit   '@react-aria/interactions': [ '3.22.5' ],
279 silly audit   '@react-aria/ssr': [ '3.9.7' ],
279 silly audit   '@react-aria/utils': [ '3.26.0' ],
279 silly audit   '@react-stately/utils': [ '3.10.5' ],
279 silly audit   '@react-types/shared': [ '3.26.0' ],
279 silly audit   '@remix-run/router': [ '1.21.0' ],
279 silly audit   '@rollup/plugin-babel': [ '5.3.1' ],
279 silly audit   '@rollup/plugin-replace': [ '2.4.2' ],
279 silly audit   '@rollup/plugin-terser': [ '0.4.4' ],
279 silly audit   '@types/estree': [ '0.0.39', '1.0.6' ],
279 silly audit   '@rtsao/scc': [ '1.1.0' ],
279 silly audit   '@rushstack/eslint-patch': [ '1.10.4' ],
279 silly audit   '@smithy/abort-controller': [ '4.2.4' ],
279 silly audit   '@smithy/config-resolver': [ '4.4.1' ],
279 silly audit   '@smithy/core': [ '3.17.2' ],
279 silly audit   '@smithy/credential-provider-imds': [ '4.2.4' ],
279 silly audit   '@smithy/fetch-http-handler': [ '5.3.5' ],
279 silly audit   '@smithy/hash-node': [ '4.2.4' ],
279 silly audit   '@smithy/invalid-dependency': [ '4.2.4' ],
279 silly audit   '@smithy/middleware-content-length': [ '4.2.4' ],
279 silly audit   '@smithy/middleware-endpoint': [ '4.3.6' ],
279 silly audit   '@smithy/middleware-retry': [ '4.4.6' ],
279 silly audit   '@smithy/middleware-serde': [ '4.2.4' ],
279 silly audit   '@smithy/middleware-stack': [ '4.2.4' ],
279 silly audit   '@smithy/node-config-provider': [ '4.3.4' ],
279 silly audit   '@smithy/node-http-handler': [ '4.4.4' ],
279 silly audit   '@smithy/property-provider': [ '4.2.4' ],
279 silly audit   '@smithy/protocol-http': [ '5.3.4' ],
279 silly audit   '@smithy/querystring-builder': [ '4.2.4' ],
279 silly audit   '@smithy/querystring-parser': [ '4.2.4' ],
279 silly audit   '@smithy/service-error-classification': [ '4.2.4' ],
279 silly audit   '@smithy/shared-ini-file-loader': [ '4.3.4' ],
279 silly audit   '@smithy/signature-v4': [ '5.3.4' ],
279 silly audit   '@smithy/smithy-client': [ '4.9.2' ],
279 silly audit   '@smithy/types': [ '4.8.1' ],
279 silly audit   '@smithy/url-parser': [ '4.2.4' ],
279 silly audit   '@smithy/util-base64': [ '4.3.0' ],
279 silly audit   '@smithy/util-body-length-browser': [ '4.2.0' ],
279 silly audit   '@smithy/util-body-length-node': [ '4.2.1' ],
279 silly audit   '@smithy/util-config-provider': [ '4.2.0' ],
279 silly audit   '@smithy/util-defaults-mode-browser': [ '4.3.5' ],
279 silly audit   '@smithy/util-defaults-mode-node': [ '4.2.7' ],
279 silly audit   '@smithy/util-endpoints': [ '3.2.4' ],
279 silly audit   '@smithy/util-hex-encoding': [ '4.2.0' ],
279 silly audit   '@smithy/util-middleware': [ '4.2.4' ],
279 silly audit   '@smithy/util-retry': [ '4.2.4' ],
279 silly audit   '@smithy/util-stream': [ '4.5.5' ],
279 silly audit   '@smithy/util-uri-escape': [ '4.2.0' ],
279 silly audit   '@smithy/uuid': [ '1.1.0' ],
279 silly audit   '@standard-schema/spec': [ '1.0.0' ],
279 silly audit   '@supabase/auth-js': [ '2.78.0' ],
279 silly audit   '@supabase/functions-js': [ '2.78.0' ],
279 silly audit   '@supabase/node-fetch': [ '2.6.15' ],
279 silly audit   tr46: [ '0.0.3', '1.0.1' ],
279 silly audit   'webidl-conversions': [ '3.0.1', '4.0.2' ],
279 silly audit   'whatwg-url': [ '5.0.0', '7.1.0' ],
279 silly audit   '@supabase/postgrest-js': [ '2.78.0' ],
279 silly audit   '@supabase/realtime-js': [ '2.78.0' ],
279 silly audit   '@supabase/storage-js': [ '2.78.0' ],
279 silly audit   '@supabase/supabase-js': [ '2.78.0' ],
279 silly audit   '@surma/rollup-plugin-off-main-thread': [ '2.2.3' ],
279 silly audit   '@swc/counter': [ '0.1.3' ],
279 silly audit   '@swc/helpers': [ '0.5.15' ],
279 silly audit   '@tanstack/query-core': [ '5.80.7' ],
279 silly audit   '@tanstack/react-query': [ '5.80.7' ],
279 silly audit   '@types/aws-lambda': [ '8.10.155' ],
279 silly audit   '@types/bunyan': [ '1.8.11' ],
279 silly audit   '@types/connect': [ '3.4.38' ],
279 silly audit   '@types/debug': [ '4.1.12' ],
279 silly audit   '@types/eslint': [ '9.6.1' ],
279 silly audit   '@types/eslint-scope': [ '3.7.7' ],
279 silly audit   '@types/glob': [ '7.2.0' ],
279 silly audit   '@types/json-schema': [ '7.0.15' ],
279 silly audit   '@types/json5': [ '0.0.29' ],
279 silly audit   '@types/memcached': [ '2.2.10' ],
279 silly audit   '@types/minimatch': [ '5.1.2' ],
279 silly audit   '@types/ms': [ '2.1.0' ],
279 silly audit   '@types/mysql': [ '2.15.27' ],
279 silly audit   '@types/node': [ '22.19.1' ],
279 silly audit   '@types/nodemailer': [ '7.0.3' ],
279 silly audit   '@types/oracledb': [ '6.5.2' ],
279 silly audit   '@types/parse-json': [ '4.0.2' ],
279 silly audit   '@types/pg': [ '8.15.5' ],
279 silly audit   '@types/pg-pool': [ '2.0.6' ],
279 silly audit   '@types/phoenix': [ '1.6.6' ],
279 silly audit   '@types/prop-types': [ '15.7.14' ],
279 silly audit   '@types/qrcode': [ '1.5.6' ],
279 silly audit   '@types/raf': [ '3.4.3' ],
279 silly audit   '@types/react': [ '18.3.18' ],
279 silly audit   '@types/react-calendar': [ '4.1.0' ],
279 silly audit   '@types/react-transition-group': [ '4.4.12' ],
279 silly audit   '@types/shimmer': [ '1.2.0' ],
279 silly audit   '@types/tedious': [ '4.0.14' ],
279 silly audit   '@types/trusted-types': [ '2.0.7' ],
279 silly audit   '@types/webpack': [ '5.28.5' ],
279 silly audit   '@types/ws': [ '8.18.1' ],
279 silly audit   '@typescript-eslint/eslint-plugin': [ '8.18.2' ],
279 silly audit   '@typescript-eslint/parser': [ '8.18.2' ],
279 silly audit   '@typescript-eslint/scope-manager': [ '8.18.2' ],
279 silly audit   '@typescript-eslint/type-utils': [ '8.18.2' ],
279 silly audit   '@typescript-eslint/types': [ '8.18.2' ],
279 silly audit   '@typescript-eslint/typescript-estree': [ '8.18.2' ],
279 silly audit   'brace-expansion': [ '2.0.2', '1.1.12' ],
279 silly audit   minimatch: [ '9.0.5', '5.1.6', '3.1.2' ],
279 silly audit   '@typescript-eslint/utils': [ '8.18.2' ],
279 silly audit   '@typescript-eslint/visitor-keys': [ '8.18.2' ],
279 silly audit   'eslint-visitor-keys': [ '4.2.0', '3.4.3' ],
279 silly audit   '@ungap/structured-clone': [ '1.2.1' ],
279 silly audit   '@vercel/analytics': [ '1.5.0' ],
279 silly audit   '@webassemblyjs/ast': [ '1.14.1' ],
279 silly audit   '@webassemblyjs/floating-point-hex-parser': [ '1.13.2' ],
279 silly audit   '@webassemblyjs/helper-api-error': [ '1.13.2' ],
279 silly audit   '@webassemblyjs/helper-buffer': [ '1.14.1' ],
279 silly audit   '@webassemblyjs/helper-numbers': [ '1.13.2' ],
279 silly audit   '@webassemblyjs/helper-wasm-bytecode': [ '1.13.2' ],
279 silly audit   '@webassemblyjs/helper-wasm-section': [ '1.14.1' ],
279 silly audit   '@webassemblyjs/ieee754': [ '1.13.2' ],
279 silly audit   '@webassemblyjs/leb128': [ '1.13.2' ],
279 silly audit   '@webassemblyjs/utf8': [ '1.13.2' ],
279 silly audit   '@webassemblyjs/wasm-edit': [ '1.14.1' ],
279 silly audit   '@webassemblyjs/wasm-gen': [ '1.14.1' ],
279 silly audit   '@webassemblyjs/wasm-opt': [ '1.14.1' ],
279 silly audit   '@webassemblyjs/wasm-parser': [ '1.14.1' ],
279 silly audit   '@webassemblyjs/wast-printer': [ '1.14.1' ],
279 silly audit   '@xtuc/ieee754': [ '1.2.0' ],
279 silly audit   '@xtuc/long': [ '4.2.2' ],
279 silly audit   acorn: [ '8.14.0' ],
279 silly audit   'acorn-import-attributes': [ '1.9.5' ],
279 silly audit   'acorn-jsx': [ '5.3.2' ],
279 silly audit   'agent-base': [ '7.1.4' ],
279 silly audit   'ajv-formats': [ '2.1.1' ],
279 silly audit   'ajv-keywords': [ '3.5.2', '5.1.0' ],
279 silly audit   'ansi-styles': [ '4.3.0', '6.2.1' ],
279 silly audit   'any-promise': [ '1.3.0' ],
279 silly audit   anymatch: [ '3.1.3' ],
279 silly audit   arg: [ '5.0.2' ],
279 silly audit   argparse: [ '2.0.1' ],
279 silly audit   'aria-query': [ '5.3.2' ],
279 silly audit   'array-buffer-byte-length': [ '1.0.2' ],
279 silly audit   'array-includes': [ '3.1.8' ],
279 silly audit   'array-union': [ '2.1.0', '1.0.2' ],
279 silly audit   'array-uniq': [ '1.0.3' ],
279 silly audit   'array.prototype.findlast': [ '1.2.5' ],
279 silly audit   'array.prototype.findlastindex': [ '1.2.5' ],
279 silly audit   'array.prototype.flat': [ '1.3.3' ],
279 silly audit   'array.prototype.flatmap': [ '1.3.3' ],
279 silly audit   'array.prototype.tosorted': [ '1.1.4' ],
279 silly audit   'arraybuffer.prototype.slice': [ '1.0.4' ],
279 silly audit   'ast-types-flow': [ '0.0.8' ],
279 silly audit   async: [ '3.2.6' ],
279 silly audit   asynckit: [ '0.4.0' ],
279 silly audit   'at-least-node': [ '1.0.0' ],
279 silly audit   atob: [ '2.1.2' ],
279 silly audit   'available-typed-arrays': [ '1.0.7' ],
279 silly audit   'axe-core': [ '4.10.2' ],
279 silly audit   axios: [ '1.10.0' ],
279 silly audit   'axobject-query': [ '4.1.0' ],
279 silly audit   'babel-loader': [ '8.4.1' ],
279 silly audit   'schema-utils': [ '2.7.1', '3.3.0', '4.3.0' ],
279 silly audit   'babel-plugin-macros': [ '3.1.0' ],
279 silly audit   'babel-plugin-polyfill-corejs2': [ '0.4.13' ],
279 silly audit   'babel-plugin-polyfill-corejs3': [ '0.11.1' ],
279 silly audit   'babel-plugin-polyfill-regenerator': [ '0.6.4' ],
279 silly audit   'balanced-match': [ '1.0.2' ],
279 silly audit   'base64-arraybuffer': [ '1.0.2' ],
279 silly audit   'big.js': [ '5.2.2' ],
279 silly audit   'bignumber.js': [ '9.3.1' ],
279 silly audit   'binary-extensions': [ '2.3.0' ],
279 silly audit   bowser: [ '2.12.1' ],
279 silly audit   braces: [ '3.0.3' ],
279 silly audit   browserslist: [ '4.25.0' ],
279 silly audit   btoa: [ '1.2.1' ],
279 silly audit   'buffer-from': [ '1.1.2' ],
279 silly audit   'builtin-modules': [ '3.3.0' ],
279 silly audit   busboy: [ '1.6.0' ],
279 silly audit   'call-bind': [ '1.0.8' ],
279 silly audit   'call-bind-apply-helpers': [ '1.0.1' ],
279 silly audit   'call-bound': [ '1.0.3' ],
279 silly audit   callsites: [ '3.1.0' ],
279 silly audit   camelcase: [ '5.3.1' ],
279 silly audit   'camelcase-css': [ '2.0.1' ],
279 silly audit   'caniuse-lite': [ '1.0.30001721' ],
279 silly audit   canonicalize: [ '1.0.8' ],
279 silly audit   canvg: [ '3.0.11' ],
279 silly audit   chalk: [ '4.1.2' ],
279 silly audit   'chart.js': [ '4.4.7' ],
279 silly audit   chokidar: [ '3.6.0' ],
279 silly audit   'chrome-trace-event': [ '1.0.4' ],
279 silly audit   'cjs-module-lexer': [ '1.4.3' ],
279 silly audit   'clean-webpack-plugin': [ '4.0.0' ],
279 silly audit   'client-only': [ '0.0.1' ],
279 silly audit   clsx: [ '2.1.1' ],
279 silly audit   color: [ '4.2.3' ],
279 silly audit   'color-convert': [ '2.0.1' ],
279 silly audit   'color-name': [ '1.1.4' ],
279 silly audit   'color-string': [ '1.9.1' ],
279 silly audit   'combined-stream': [ '1.0.8' ],
279 silly audit   commander: [ '4.1.1', '2.20.3' ],
279 silly audit   'common-tags': [ '1.8.2' ],
279 silly audit   commondir: [ '1.0.1' ],
279 silly audit   'concat-map': [ '0.0.1' ],
279 silly audit   'core-js': [ '3.43.0' ],
279 silly audit   'core-js-compat': [ '3.42.0' ],
279 silly audit   cosmiconfig: [ '7.1.0' ],
279 silly audit   'cross-fetch': [ '4.1.0' ],
279 silly audit   'cross-spawn': [ '7.0.6' ],
279 silly audit   'crypto-random-string': [ '2.0.0' ],
279 silly audit   'css-line-break': [ '2.1.0' ],
279 silly audit   cssesc: [ '3.0.0' ],
279 silly audit   csstype: [ '3.1.3' ],
279 silly audit   'damerau-levenshtein': [ '1.0.8' ],
279 silly audit   'data-view-buffer': [ '1.0.2' ],
279 silly audit   'data-view-byte-length': [ '1.0.2' ],
279 silly audit   'data-view-byte-offset': [ '1.0.1' ],
279 silly audit   'date-fns': [ '4.1.0' ],
279 silly audit   debug: [ '4.4.0', '3.2.7' ],
279 silly audit   decamelize: [ '1.2.0' ],
279 silly audit   'deep-is': [ '0.1.4' ],
279 silly audit   deepmerge: [ '4.3.1' ],
279 silly audit   'define-data-property': [ '1.1.4' ],
279 silly audit   'define-properties': [ '1.2.1' ],
279 silly audit   del: [ '4.1.1' ],
279 silly audit   globby: [ '6.1.0', '11.1.0' ],
279 silly audit   pify: [ '2.3.0', '4.0.1' ],
279 silly audit   rimraf: [ '2.7.1', '3.0.2' ],
279 silly audit   'delayed-stream': [ '1.0.0' ],
279 silly audit   'detect-libc': [ '2.0.4' ],
279 silly audit   didyoumean: [ '1.2.2' ],
279 silly audit   dijkstrajs: [ '1.0.3' ],
279 silly audit   'dir-glob': [ '3.0.1' ],
279 silly audit   dlv: [ '1.1.3' ],
279 silly audit   doctrine: [ '3.0.0', '2.1.0' ],
279 silly audit   dompurify: [ '3.2.6' ],
279 silly audit   'dunder-proto': [ '1.0.1' ],
279 silly audit   eastasianwidth: [ '0.2.0' ],
279 silly audit   ejs: [ '3.1.10' ],
279 silly audit   'electron-to-chromium': [ '1.5.165' ],
279 silly audit   'emojis-list': [ '3.0.0' ],
279 silly audit   'enhanced-resolve': [ '5.18.0' ],
279 silly audit   'error-ex': [ '1.3.2' ],
279 silly audit   'es-abstract': [ '1.23.7' ],
279 silly audit   'es-define-property': [ '1.0.1' ],
279 silly audit   'es-errors': [ '1.3.0' ],
279 silly audit   'es-iterator-helpers': [ '1.2.1' ],
279 silly audit   'es-module-lexer': [ '1.6.0' ],
279 silly audit   'es-object-atoms': [ '1.0.0' ],
279 silly audit   'es-set-tostringtag': [ '2.0.3' ],
279 silly audit   'es-shim-unscopables': [ '1.0.2' ],
279 silly audit   'es-to-primitive': [ '1.3.0' ],
279 silly audit   escalade: [ '3.2.0' ],
279 silly audit   'escape-string-regexp': [ '4.0.0' ],
279 silly audit   eslint: [ '8.57.1' ],
279 silly audit   'eslint-config-next': [ '15.0.2' ],
279 silly audit   'eslint-import-resolver-node': [ '0.3.9' ],
279 silly audit   'eslint-import-resolver-typescript': [ '3.7.0' ],
279 silly audit   'eslint-module-utils': [ '2.12.0' ],
279 silly audit   'eslint-plugin-import': [ '2.31.0' ],
279 silly audit   'eslint-plugin-jsx-a11y': [ '6.10.2' ],
279 silly audit   'eslint-plugin-react': [ '7.37.3' ],
279 silly audit   'eslint-plugin-react-hooks': [ '5.1.0' ],
279 silly audit   resolve: [ '2.0.0-next.5', '1.22.10' ],
279 silly audit   'eslint-scope': [ '7.2.2', '5.1.1' ],
279 silly audit   espree: [ '9.6.1' ],
279 silly audit   esquery: [ '1.6.0' ],
279 silly audit   esrecurse: [ '4.3.0' ],
279 silly audit   estraverse: [ '5.3.0', '4.3.0' ],
279 silly audit   esutils: [ '2.0.3' ],
279 silly audit   events: [ '3.3.0' ],
279 silly audit   extend: [ '3.0.2' ],
279 silly audit   'fast-deep-equal': [ '3.1.3' ],
279 silly audit   'fast-json-stable-stringify': [ '2.1.0' ],
279 silly audit   'fast-levenshtein': [ '2.0.6' ],
279 silly audit   'fast-uri': [ '3.0.3' ],
279 silly audit   'fast-xml-parser': [ '5.2.5' ],
279 silly audit   fastq: [ '1.18.0' ],
279 silly audit   fflate: [ '0.8.2' ],
279 silly audit   'file-entry-cache': [ '6.0.1' ],
279 silly audit   filelist: [ '1.0.4' ],
279 silly audit   'fill-range': [ '7.1.1' ],
279 silly audit   'find-cache-dir': [ '3.3.2' ],
279 silly audit   'find-root': [ '1.1.0' ],
279 silly audit   'find-up': [ '5.0.0', '4.1.0' ],
279 silly audit   'flat-cache': [ '3.2.0' ],
279 silly audit   flatted: [ '3.3.2' ],
279 silly audit   'follow-redirects': [ '1.15.9' ],
279 silly audit   'for-each': [ '0.3.3' ],
279 silly audit   'foreground-child': [ '3.3.0' ],
279 silly audit   'form-data': [ '4.0.1' ],
279 silly audit   'forwarded-parse': [ '2.1.2' ],
279 silly audit   'framer-motion': [ '11.15.0' ],
279 silly audit   'fs-extra': [ '9.1.0' ],
279 silly audit   'fs.realpath': [ '1.0.0' ],
279 silly audit   fsevents: [ '2.3.3' ],
279 silly audit   'function-bind': [ '1.1.2' ],
279 silly audit   'function.prototype.name': [ '1.1.8' ],
279 silly audit   'functions-have-names': [ '1.2.3' ],
279 silly audit   gaxios: [ '6.7.1' ],
279 silly audit   'gcp-metadata': [ '6.1.1' ],
279 silly audit   gensync: [ '1.0.0-beta.2' ],
279 silly audit   'get-caller-file': [ '2.0.5' ],
279 silly audit   'get-intrinsic': [ '1.2.6' ],
279 silly audit   'get-own-enumerable-property-symbols': [ '3.0.2' ],
279 silly audit   'get-symbol-description': [ '1.1.0' ],
279 silly audit   'get-tsconfig': [ '4.8.1' ],
279 silly audit   glob: [ '7.2.3', '10.4.5' ],
279 silly audit   'glob-to-regexp': [ '0.4.1' ],
279 silly audit   globalthis: [ '1.0.4' ],
279 silly audit   'google-logging-utils': [ '0.0.2' ],
279 silly audit   gopd: [ '1.2.0' ],
279 silly audit   'graceful-fs': [ '4.2.11' ],
279 silly audit   graphemer: [ '1.4.0' ],
279 silly audit   gsap: [ '3.12.5' ],
279 silly audit   'has-bigints': [ '1.1.0' ],
279 silly audit   'has-flag': [ '4.0.0' ],
279 silly audit   'has-property-descriptors': [ '1.0.2' ],
279 silly audit   'has-proto': [ '1.2.0' ],
279 silly audit   'has-symbols': [ '1.1.0' ],
279 silly audit   'has-tostringtag': [ '1.0.2' ],
279 silly audit   'hash.js': [ '1.1.7' ],
279 silly audit   hasown: [ '2.0.2' ],
279 silly audit   'hoist-non-react-statics': [ '3.3.2' ],
279 silly audit   'react-is': [ '16.13.1', '19.1.0' ],
279 silly audit   html2canvas: [ '1.4.1' ],
279 silly audit   'https-proxy-agent': [ '7.0.6' ],
279 silly audit   idb: [ '7.1.1' ],
279 silly audit   ignore: [ '5.3.2' ],
279 silly audit   'import-fresh': [ '3.3.0' ],
279 silly audit   imurmurhash: [ '0.1.4' ],
279 silly audit   inflight: [ '1.0.6' ],
279 silly audit   inherits: [ '2.0.4' ],
279 silly audit   inngest: [ '3.45.1' ],
279 silly audit   'internal-slot': [ '1.1.0' ],
279 silly audit   'is-array-buffer': [ '3.0.5' ],
279 silly audit   'is-arrayish': [ '0.2.1', '0.3.2' ],
279 silly audit   'is-async-function': [ '2.0.0' ],
279 silly audit   'is-bigint': [ '1.1.0' ],
279 silly audit   'is-binary-path': [ '2.1.0' ],
279 silly audit   'is-boolean-object': [ '1.2.1' ],
279 silly audit   'is-bun-module': [ '1.3.0' ],
279 silly audit   'is-callable': [ '1.2.7' ],
279 silly audit   'is-core-module': [ '2.16.1' ],
279 silly audit   'is-data-view': [ '1.0.2' ],
279 silly audit   'is-date-object': [ '1.1.0' ],
279 silly audit   'is-extglob': [ '2.1.1' ],
279 silly audit   'is-finalizationregistry': [ '1.1.1' ],
279 silly audit   'is-fullwidth-code-point': [ '3.0.0' ],
279 silly audit   'is-generator-function': [ '1.0.10' ],
279 silly audit   'is-glob': [ '4.0.3' ],
279 silly audit   'is-map': [ '2.0.3' ],
279 silly audit   'is-module': [ '1.0.0' ],
279 silly audit   'is-number': [ '7.0.0' ],
279 silly audit   'is-number-object': [ '1.1.1' ],
279 silly audit   'is-obj': [ '1.0.1' ],
279 silly audit   'is-path-cwd': [ '2.2.0' ],
279 silly audit   'is-path-in-cwd': [ '2.1.0' ],
279 silly audit   'is-path-inside': [ '2.1.0', '3.0.3' ],
279 silly audit   'is-regex': [ '1.2.1' ],
279 silly audit   'is-regexp': [ '1.0.0' ],
279 silly audit   'is-set': [ '2.0.3' ],
279 silly audit   'is-shared-array-buffer': [ '1.0.4' ],
279 silly audit   'is-stream': [ '2.0.1' ],
279 silly audit   'is-string': [ '1.1.1' ],
279 silly audit   'is-symbol': [ '1.1.1' ],
279 silly audit   'is-typed-array': [ '1.1.15' ],
279 silly audit   'is-weakmap': [ '2.0.2' ],
279 silly audit   'is-weakref': [ '1.1.0' ],
279 silly audit   'is-weakset': [ '2.0.4' ],
279 silly audit   isarray: [ '2.0.5' ],
279 silly audit   isexe: [ '2.0.0' ],
279 silly audit   'iterator.prototype': [ '1.1.4' ],
279 silly audit   jackspeak: [ '3.4.3' ],
279 silly audit   jake: [ '10.9.2' ],
279 silly audit   'jest-worker': [ '27.5.1', '26.6.2' ],
279 silly audit   'supports-color': [ '8.1.1', '7.2.0' ],
279 silly audit   jiti: [ '1.21.7' ],
279 silly audit   'js-tokens': [ '4.0.0' ],
279 silly audit   'js-yaml': [ '4.1.0' ],
279 silly audit   jsesc: [ '3.1.0', '3.0.2' ],
279 silly audit   'json-bigint': [ '1.0.0' ],
279 silly audit   'json-buffer': [ '3.0.1' ],
279 silly audit   'json-parse-even-better-errors': [ '2.3.1' ],
279 silly audit   'json-schema': [ '0.4.0' ],
279 silly audit   'json-stable-stringify-without-jsonify': [ '1.0.1' ],
279 silly audit   'json-stringify-safe': [ '5.0.1' ],
279 silly audit   jsonfile: [ '6.1.0' ],
279 silly audit   jsonpointer: [ '5.0.1' ],
279 silly audit   jspdf: [ '3.0.1' ],
279 silly audit   'jsx-ast-utils': [ '3.3.5' ],
279 silly audit   keyv: [ '4.5.4' ],
279 silly audit   'language-subtag-registry': [ '0.3.23' ],
279 silly audit   'language-tags': [ '1.0.9' ],
279 silly audit   leven: [ '3.1.0' ],
279 silly audit   levn: [ '0.4.1' ],
279 silly audit   lilconfig: [ '3.1.3' ],
279 silly audit   'lines-and-columns': [ '1.2.4' ],
279 silly audit   'loader-runner': [ '4.3.0' ],
279 silly audit   'loader-utils': [ '2.0.4' ],
279 silly audit   'locate-path': [ '6.0.0', '5.0.0' ],
279 silly audit   lodash: [ '4.17.21' ],
279 silly audit   'lodash.camelcase': [ '4.3.0' ],
279 silly audit   'lodash.debounce': [ '4.0.8' ],
279 silly audit   'lodash.merge': [ '4.6.2' ],
279 silly audit   'lodash.sortby': [ '4.7.0' ],
279 silly audit   long: [ '5.3.2' ],
279 silly audit   'loose-envify': [ '1.4.0' ],
279 silly audit   'lucide-react': [ '0.468.0' ],
279 silly audit   'magic-string': [ '0.25.9' ],
279 silly audit   'make-dir': [ '3.1.0' ],
279 silly audit   'math-intrinsics': [ '1.1.0' ],
279 silly audit   'merge-stream': [ '2.0.0' ],
279 silly audit   merge2: [ '1.4.1' ],
279 silly audit   micromatch: [ '4.0.8' ],
279 silly audit   'mime-db': [ '1.52.0' ],
279 silly audit   'mime-types': [ '2.1.35' ],
279 silly audit   'minimalistic-assert': [ '1.0.1' ],
279 silly audit   minimist: [ '1.2.8' ],
279 silly audit   minipass: [ '7.1.2' ],
279 silly audit   'module-details-from-path': [ '1.0.4' ],
279 silly audit   'motion-dom': [ '11.14.3' ],
279 silly audit   'motion-utils': [ '11.14.3' ],
279 silly audit   ms: [ '2.1.3' ],
279 silly audit   mz: [ '2.7.0' ],
279 silly audit   nanoid: [ '3.3.8' ],
279 silly audit   'natural-compare': [ '1.4.0' ],
279 silly audit   'neo-async': [ '2.6.2' ],
279 silly audit   'next-pwa': [ '5.6.0' ],
279 silly audit   postcss: [ '8.4.49', '8.4.31' ],
279 silly audit   'node-fetch': [ '2.7.0' ],
279 silly audit   'node-releases': [ '2.0.19' ],
279 silly audit   nodemailer: [ '7.0.10' ],
279 silly audit   'normalize-path': [ '3.0.0' ],
279 silly audit   notyf: [ '3.10.0' ],
279 silly audit   'object-assign': [ '4.1.1' ],
279 silly audit   'object-hash': [ '3.0.0' ],
279 silly audit   'object-inspect': [ '1.13.3' ],
279 silly audit   'object-keys': [ '1.1.1' ],
279 silly audit   'object.assign': [ '4.1.7' ],
279 silly audit   'object.entries': [ '1.1.8' ],
279 silly audit   'object.fromentries': [ '2.0.8' ],
279 silly audit   'object.groupby': [ '1.0.3' ],
279 silly audit   'object.values': [ '1.2.1' ],
279 silly audit   once: [ '1.4.0' ],
279 silly audit   optionator: [ '0.9.4' ],
279 silly audit   'p-limit': [ '3.1.0', '2.3.0' ],
279 silly audit   'p-locate': [ '5.0.0', '4.1.0' ],
279 silly audit   'p-map': [ '2.1.0' ],
279 silly audit   'p-try': [ '2.2.0' ],
279 silly audit   'package-json-from-dist': [ '1.0.1' ],
279 silly audit   'parent-module': [ '1.0.1' ],
279 silly audit   'parse-json': [ '5.2.0' ],
279 silly audit   'path-exists': [ '4.0.0' ],
279 silly audit   'path-is-absolute': [ '1.0.1' ],
279 silly audit   'path-is-inside': [ '1.0.2' ],
279 silly audit   'path-key': [ '3.1.1' ],
279 silly audit   'path-parse': [ '1.0.7' ],
279 silly audit   'path-scurry': [ '1.11.1' ],
279 silly audit   'path-type': [ '4.0.0' ],
279 silly audit   'performance-now': [ '2.1.0' ],
279 silly audit   'pg-int8': [ '1.0.1' ],
279 silly audit   'pg-protocol': [ '1.10.3' ],
279 silly audit   'pg-types': [ '2.2.0' ],
279 silly audit   picocolors: [ '1.1.1' ],
279 silly audit   pinkie: [ '2.0.4' ],
279 silly audit   'pinkie-promise': [ '2.0.1' ],
279 silly audit   pirates: [ '4.0.6' ],
279 silly audit   'pkg-dir': [ '4.2.0' ],
279 silly audit   pngjs: [ '5.0.0' ],
279 silly audit   'possible-typed-array-names': [ '1.0.0' ],
279 silly audit   'postcss-import': [ '15.1.0' ],
279 silly audit   'postcss-js': [ '4.0.1' ],
279 silly audit   'postcss-load-config': [ '4.0.2' ],
279 silly audit   yaml: [ '2.6.1', '1.10.2' ],
279 silly audit   'postcss-nested': [ '6.2.0' ],
279 silly audit   'postcss-selector-parser': [ '6.1.2' ],
279 silly audit   'postcss-value-parser': [ '4.2.0' ],
279 silly audit   'postgres-array': [ '2.0.0' ],
279 silly audit   'postgres-bytea': [ '1.0.0' ],
279 silly audit   'postgres-date': [ '1.0.7' ],
279 silly audit   'postgres-interval': [ '1.2.0' ],
279 silly audit   'prelude-ls': [ '1.2.1' ],
279 silly audit   'pretty-bytes': [ '5.6.0' ],
279 silly audit   'prop-types': [ '15.8.1' ],
279 silly audit   protobufjs: [ '7.5.4' ],
279 silly audit   'proxy-from-env': [ '1.1.0' ],
279 silly audit   punycode: [ '2.3.1' ],
279 silly audit   qrcode: [ '1.5.4' ],
279 silly audit   'qrcode.react': [ '4.2.0' ],
279 silly audit   'queue-microtask': [ '1.2.3' ],
279 silly audit   raf: [ '3.4.1' ],
279 silly audit   randombytes: [ '2.1.0' ],
279 silly audit   'react-chartjs-2': [ '5.2.0' ],
279 silly audit   'react-icons': [ '5.5.0' ],
279 silly audit   'react-router': [ '6.28.1' ],
279 silly audit   'react-router-dom': [ '6.28.1' ],
279 silly audit   'react-spinners': [ '0.14.1' ],
279 silly audit   'react-toastify': [ '10.0.6' ],
279 silly audit   'read-cache': [ '1.0.0' ],
279 silly audit   readdirp: [ '3.6.0' ],
279 silly audit   'reflect.getprototypeof': [ '1.0.9' ],
279 silly audit   regenerate: [ '1.4.2' ],
279 silly audit   'regenerate-unicode-properties': [ '10.2.0' ],
279 silly audit   'regenerator-runtime': [ '0.13.11' ],
279 silly audit   'regexp.prototype.flags': [ '1.5.3' ],
279 silly audit   'regexpu-core': [ '6.2.0' ],
279 silly audit   regjsgen: [ '0.8.0' ],
279 silly audit   regjsparser: [ '0.12.0' ],
279 silly audit   'require-directory': [ '2.1.1' ],
279 silly audit   'require-from-string': [ '2.0.2' ],
279 silly audit   'require-main-filename': [ '2.0.0' ],
279 silly audit   'resolve-from': [ '4.0.0' ],
279 silly audit   'resolve-pkg-maps': [ '1.0.0' ],
279 silly audit   reusify: [ '1.0.4' ],
279 silly audit   rgbcolor: [ '1.0.1' ],
279 silly audit   rollup: [ '2.79.2' ],
279 silly audit   'rollup-plugin-terser': [ '7.0.2' ],
279 silly audit   'serialize-javascript': [ '4.0.0', '6.0.2' ],
279 silly audit   'run-parallel': [ '1.2.0' ],
279 silly audit   'safe-array-concat': [ '1.1.3' ],
279 silly audit   'safe-buffer': [ '5.2.1' ],
279 silly audit   'safe-regex-test': [ '1.1.0' ],
279 silly audit   'serialize-error-cjs': [ '0.1.4' ],
279 silly audit   'set-blocking': [ '2.0.0' ],
279 silly audit   'set-function-length': [ '1.2.2' ],
279 silly audit   'set-function-name': [ '2.0.2' ],
279 silly audit   sharp: [ '0.34.2' ],
279 silly audit   'shebang-command': [ '2.0.0' ],
279 silly audit   'shebang-regex': [ '3.0.0' ],
279 silly audit   shimmer: [ '1.2.1' ],
279 silly audit   'side-channel': [ '1.1.0' ],
279 silly audit   'side-channel-list': [ '1.0.0' ],
279 silly audit   'side-channel-map': [ '1.0.1' ],
279 silly audit   'side-channel-weakmap': [ '1.0.2' ],
279 silly audit   'signal-exit': [ '4.1.0' ],
279 silly audit   'simple-swizzle': [ '0.2.2' ],
279 silly audit   slash: [ '3.0.0' ],
279 silly audit   smob: [ '1.5.0' ],
279 silly audit   'source-list-map': [ '2.0.1' ],
279 silly audit   'source-map-js': [ '1.2.1' ],
279 silly audit   'source-map-support': [ '0.5.21' ],
279 silly audit   'sourcemap-codec': [ '1.4.8' ],
279 silly audit   'stable-hash': [ '0.0.4' ],
279 silly audit   'stackblur-canvas': [ '2.7.0' ],
279 silly audit   streamsearch: [ '1.1.0' ],
279 silly audit   'string.prototype.includes': [ '2.0.1' ],
279 silly audit   'string.prototype.matchall': [ '4.0.12' ],
279 silly audit   'string.prototype.repeat': [ '1.0.0' ],
279 silly audit   'string.prototype.trim': [ '1.2.10' ],
279 silly audit   'string.prototype.trimend': [ '1.0.9' ],
279 silly audit   'string.prototype.trimstart': [ '1.0.8' ],
279 silly audit   'stringify-object': [ '3.3.0' ],
279 silly audit   'strip-bom': [ '3.0.0' ],
279 silly audit   'strip-comments': [ '2.0.1' ],
279 silly audit   'strip-json-comments': [ '3.1.1' ],
279 silly audit   strnum: [ '2.1.1' ],
279 silly audit   'styled-jsx': [ '5.1.6' ],
279 silly audit   stylis: [ '4.2.0' ],
279 silly audit   sucrase: [ '3.35.0' ],
279 silly audit   'supports-preserve-symlinks-flag': [ '1.0.0' ],
279 silly audit   'svg-pathdata': [ '6.0.3' ],
279 silly audit   tailwindcss: [ '3.4.17' ],
279 silly audit   tapable: [ '2.2.1' ],
279 silly audit   'temp-dir': [ '2.0.0' ],
279 silly audit   'temporal-polyfill': [ '0.2.5' ],
279 silly audit   'temporal-spec': [ '0.2.4' ],
279 silly audit   tempy: [ '0.6.0' ],
279 silly audit   'type-fest': [ '0.16.0', '0.20.2' ],
279 silly audit   terser: [ '5.37.0' ],
279 silly audit   'terser-webpack-plugin': [ '5.3.11' ],
279 silly audit   'text-segmentation': [ '1.0.3' ],
279 silly audit   'text-table': [ '0.2.0' ],
279 silly audit   thenify: [ '3.3.1' ],
279 silly audit   'thenify-all': [ '1.6.0' ],
279 silly audit   'to-regex-range': [ '5.0.1' ],
279 silly audit   'ts-api-utils': [ '1.4.3' ],
279 silly audit   'ts-interface-checker': [ '0.1.13' ],
279 silly audit   'tsconfig-paths': [ '3.15.0' ],
279 silly audit   tslib: [ '2.8.1' ],
279 silly audit   'type-check': [ '0.4.0' ],
279 silly audit   'typed-array-buffer': [ '1.0.3' ],
279 silly audit   'typed-array-byte-length': [ '1.0.3' ],
279 silly audit   'typed-array-byte-offset': [ '1.0.4' ],
279 silly audit   'typed-array-length': [ '1.0.7' ],
279 silly audit   typescript: [ '5.9.3' ],
279 silly audit   ulid: [ '2.4.0' ],
279 silly audit   'unbox-primitive': [ '1.1.0' ],
279 silly audit   'undici-types': [ '6.21.0' ],
279 silly audit   'unicode-canonical-property-names-ecmascript': [ '2.0.1' ],
279 silly audit   'unicode-match-property-ecmascript': [ '2.0.0' ],
279 silly audit   'unicode-match-property-value-ecmascript': [ '2.2.0' ],
279 silly audit   'unicode-property-aliases-ecmascript': [ '2.1.0' ],
279 silly audit   'unique-string': [ '2.0.0' ],
279 silly audit   universalify: [ '2.0.1' ],
279 silly audit   upath: [ '1.2.0' ],
279 silly audit   'update-browserslist-db': [ '1.1.3' ],
279 silly audit   'uri-js': [ '4.4.1' ],
279 silly audit   'util-deprecate': [ '1.0.2' ],
279 silly audit   utrie: [ '1.0.2' ],
279 silly audit   uuid: [ '9.0.1' ],
279 silly audit   watchpack: [ '2.4.2' ],
279 silly audit   webpack: [ '5.97.1' ],
279 silly audit   which: [ '2.0.2' ],
279 silly audit   'which-boxed-primitive': [ '1.1.1' ],
279 silly audit   'which-builtin-type': [ '1.2.1' ],
279 silly audit   'which-collection': [ '1.0.2' ],
279 silly audit   'which-module': [ '2.0.1' ],
279 silly audit   'which-typed-array': [ '1.1.18' ],
279 silly audit   'word-wrap': [ '1.2.5' ],
279 silly audit   wrappy: [ '1.0.2' ],
279 silly audit   ws: [ '8.18.3' ],
279 silly audit   xtend: [ '4.0.2' ],
279 silly audit   yallist: [ '3.1.1' ],
279 silly audit   'yocto-queue': [ '0.1.0' ],
279 silly audit   zod: [ '3.25.76' ],
279 silly audit   next: [ '15.3.6' ],
279 silly audit   react: [ '19.2.3' ],
279 silly audit   'react-calendar': [ '5.1.0' ],
279 silly audit   'react-dom': [ '19.2.3' ],
279 silly audit   '@floating-ui/react': [ '0.26.28' ],
279 silly audit   '@tanstack/react-virtual': [ '3.13.13' ],
279 silly audit   '@floating-ui/react-dom': [ '2.1.6' ],
279 silly audit   '@floating-ui/utils': [ '0.2.10' ],
279 silly audit   tabbable: [ '6.3.0' ],
279 silly audit   '@floating-ui/dom': [ '1.7.4' ],
279 silly audit   '@floating-ui/core': [ '1.7.3' ],
279 silly audit   'react-transition-group': [ '4.4.5' ],
279 silly audit   '@tanstack/virtual-core': [ '3.13.13' ],
279 silly audit   '@next/env': [ '15.3.6' ],
279 silly audit   '@next/swc-darwin-arm64': [ '15.3.5' ],
279 silly audit   '@next/swc-darwin-x64': [ '15.3.5' ],
279 silly audit   '@next/swc-linux-arm64-gnu': [ '15.3.5' ],
279 silly audit   '@next/swc-linux-arm64-musl': [ '15.3.5' ],
279 silly audit   '@next/swc-linux-x64-gnu': [ '15.3.5' ],
279 silly audit   '@next/swc-linux-x64-musl': [ '15.3.5' ],
279 silly audit   '@next/swc-win32-arm64-msvc': [ '15.3.5' ],
279 silly audit   '@next/swc-win32-x64-msvc': [ '15.3.5' ],
279 silly audit   '@wojtekmaj/date-utils': [ '1.5.1' ],
279 silly audit   'get-user-locale': [ '2.3.2' ],
279 silly audit   warning: [ '4.0.3' ],
279 silly audit   mem: [ '8.1.1' ],
279 silly audit   'map-age-cleaner': [ '0.1.3' ],
279 silly audit   'mimic-fn': [ '3.1.0' ],
279 silly audit   'p-defer': [ '1.0.0' ],
279 silly audit   scheduler: [ '0.27.0' ],
279 silly audit   'dom-helpers': [ '5.2.1' ]
279 silly audit }
280 verbose reify failed optional dependency /Users/mac/Desktop/accezz-supabase/node_modules/@next/swc-win32-x64-msvc
281 silly reify mark deleted [
281 silly reify   '/Users/mac/Desktop/accezz-supabase/node_modules/@next/swc-win32-x64-msvc'
281 silly reify ]
282 verbose reify failed optional dependency /Users/mac/Desktop/accezz-supabase/node_modules/@next/swc-win32-arm64-msvc
283 silly reify mark deleted [
283 silly reify   '/Users/mac/Desktop/accezz-supabase/node_modules/@next/swc-win32-arm64-msvc'
283 silly reify ]
284 verbose reify failed optional dependency /Users/mac/Desktop/accezz-supabase/node_modules/@next/swc-linux-x64-musl
285 silly reify mark deleted [
285 silly reify   '/Users/mac/Desktop/accezz-supabase/node_modules/@next/swc-linux-x64-musl'
285 silly reify ]
286 verbose reify failed optional dependency /Users/mac/Desktop/accezz-supabase/node_modules/@next/swc-linux-x64-gnu
287 silly reify mark deleted [
287 silly reify   '/Users/mac/Desktop/accezz-supabase/node_modules/@next/swc-linux-x64-gnu'
287 silly reify ]
288 verbose reify failed optional dependency /Users/mac/Desktop/accezz-supabase/node_modules/@next/swc-linux-arm64-musl
289 silly reify mark deleted [
289 silly reify   '/Users/mac/Desktop/accezz-supabase/node_modules/@next/swc-linux-arm64-musl'
289 silly reify ]
290 verbose reify failed optional dependency /Users/mac/Desktop/accezz-supabase/node_modules/@next/swc-linux-arm64-gnu
291 silly reify mark deleted [
291 silly reify   '/Users/mac/Desktop/accezz-supabase/node_modules/@next/swc-linux-arm64-gnu'
291 silly reify ]
292 verbose reify failed optional dependency /Users/mac/Desktop/accezz-supabase/node_modules/@next/swc-darwin-arm64
293 silly reify mark deleted [
293 silly reify   '/Users/mac/Desktop/accezz-supabase/node_modules/@next/swc-darwin-arm64'
293 silly reify ]
294 verbose reify failed optional dependency /Users/mac/Desktop/accezz-supabase/node_modules/@img/sharp-win32-x64
295 silly reify mark deleted [
295 silly reify   '/Users/mac/Desktop/accezz-supabase/node_modules/@img/sharp-win32-x64'
295 silly reify ]
296 verbose reify failed optional dependency /Users/mac/Desktop/accezz-supabase/node_modules/@img/sharp-win32-ia32
297 silly reify mark deleted [
297 silly reify   '/Users/mac/Desktop/accezz-supabase/node_modules/@img/sharp-win32-ia32'
297 silly reify ]
298 verbose reify failed optional dependency /Users/mac/Desktop/accezz-supabase/node_modules/@img/sharp-win32-arm64
299 silly reify mark deleted [
299 silly reify   '/Users/mac/Desktop/accezz-supabase/node_modules/@img/sharp-win32-arm64'
299 silly reify ]
300 verbose reify failed optional dependency /Users/mac/Desktop/accezz-supabase/node_modules/@img/sharp-wasm32
301 silly reify mark deleted [ '/Users/mac/Desktop/accezz-supabase/node_modules/@img/sharp-wasm32' ]
302 verbose reify failed optional dependency /Users/mac/Desktop/accezz-supabase/node_modules/@emnapi/runtime
303 silly reify mark deleted [ '/Users/mac/Desktop/accezz-supabase/node_modules/@emnapi/runtime' ]
304 verbose reify failed optional dependency /Users/mac/Desktop/accezz-supabase/node_modules/@img/sharp-linuxmusl-x64
305 silly reify mark deleted [
305 silly reify   '/Users/mac/Desktop/accezz-supabase/node_modules/@img/sharp-linuxmusl-x64'
305 silly reify ]
306 verbose reify failed optional dependency /Users/mac/Desktop/accezz-supabase/node_modules/@img/sharp-linuxmusl-arm64
307 silly reify mark deleted [
307 silly reify   '/Users/mac/Desktop/accezz-supabase/node_modules/@img/sharp-linuxmusl-arm64'
307 silly reify ]
308 verbose reify failed optional dependency /Users/mac/Desktop/accezz-supabase/node_modules/@img/sharp-linux-x64
309 silly reify mark deleted [
309 silly reify   '/Users/mac/Desktop/accezz-supabase/node_modules/@img/sharp-linux-x64'
309 silly reify ]
310 verbose reify failed optional dependency /Users/mac/Desktop/accezz-supabase/node_modules/@img/sharp-linux-s390x
311 silly reify mark deleted [
311 silly reify   '/Users/mac/Desktop/accezz-supabase/node_modules/@img/sharp-linux-s390x'
311 silly reify ]
312 verbose reify failed optional dependency /Users/mac/Desktop/accezz-supabase/node_modules/@img/sharp-linux-arm64
313 silly reify mark deleted [
313 silly reify   '/Users/mac/Desktop/accezz-supabase/node_modules/@img/sharp-linux-arm64'
313 silly reify ]
314 verbose reify failed optional dependency /Users/mac/Desktop/accezz-supabase/node_modules/@img/sharp-linux-arm
315 silly reify mark deleted [
315 silly reify   '/Users/mac/Desktop/accezz-supabase/node_modules/@img/sharp-linux-arm'
315 silly reify ]
316 verbose reify failed optional dependency /Users/mac/Desktop/accezz-supabase/node_modules/@img/sharp-libvips-linuxmusl-x64
317 silly reify mark deleted [
317 silly reify   '/Users/mac/Desktop/accezz-supabase/node_modules/@img/sharp-libvips-linuxmusl-x64'
317 silly reify ]
318 verbose reify failed optional dependency /Users/mac/Desktop/accezz-supabase/node_modules/@img/sharp-libvips-linuxmusl-arm64
319 silly reify mark deleted [
319 silly reify   '/Users/mac/Desktop/accezz-supabase/node_modules/@img/sharp-libvips-linuxmusl-arm64'
319 silly reify ]
320 verbose reify failed optional dependency /Users/mac/Desktop/accezz-supabase/node_modules/@img/sharp-libvips-linux-x64
321 silly reify mark deleted [
321 silly reify   '/Users/mac/Desktop/accezz-supabase/node_modules/@img/sharp-libvips-linux-x64'
321 silly reify ]
322 verbose reify failed optional dependency /Users/mac/Desktop/accezz-supabase/node_modules/@img/sharp-libvips-linux-s390x
323 silly reify mark deleted [
323 silly reify   '/Users/mac/Desktop/accezz-supabase/node_modules/@img/sharp-libvips-linux-s390x'
323 silly reify ]
324 verbose reify failed optional dependency /Users/mac/Desktop/accezz-supabase/node_modules/@img/sharp-libvips-linux-ppc64
325 silly reify mark deleted [
325 silly reify   '/Users/mac/Desktop/accezz-supabase/node_modules/@img/sharp-libvips-linux-ppc64'
325 silly reify ]
326 verbose reify failed optional dependency /Users/mac/Desktop/accezz-supabase/node_modules/@img/sharp-libvips-linux-arm64
327 silly reify mark deleted [
327 silly reify   '/Users/mac/Desktop/accezz-supabase/node_modules/@img/sharp-libvips-linux-arm64'
327 silly reify ]
328 verbose reify failed optional dependency /Users/mac/Desktop/accezz-supabase/node_modules/@img/sharp-libvips-linux-arm
329 silly reify mark deleted [
329 silly reify   '/Users/mac/Desktop/accezz-supabase/node_modules/@img/sharp-libvips-linux-arm'
329 silly reify ]
330 verbose reify failed optional dependency /Users/mac/Desktop/accezz-supabase/node_modules/@img/sharp-libvips-darwin-arm64
331 silly reify mark deleted [
331 silly reify   '/Users/mac/Desktop/accezz-supabase/node_modules/@img/sharp-libvips-darwin-arm64'
331 silly reify ]
332 verbose reify failed optional dependency /Users/mac/Desktop/accezz-supabase/node_modules/@img/sharp-darwin-arm64
333 silly reify mark deleted [
333 silly reify   '/Users/mac/Desktop/accezz-supabase/node_modules/@img/sharp-darwin-arm64'
333 silly reify ]
334 http cache @emnapi/runtime@https://registry.npmjs.org/@emnapi/runtime/-/runtime-1.4.3.tgz 0ms (cache hit)
335 http cache tabbable@https://registry.npmjs.org/tabbable/-/tabbable-6.3.0.tgz 0ms (cache hit)
336 http cache scheduler@https://registry.npmjs.org/scheduler/-/scheduler-0.27.0.tgz 0ms (cache hit)
337 http cache react@https://registry.npmjs.org/react/-/react-19.2.3.tgz 0ms (cache hit)
338 http cache react-dom@https://registry.npmjs.org/react-dom/-/react-dom-19.2.3.tgz 0ms (cache hit)
339 http cache @tanstack/react-virtual@https://registry.npmjs.org/@tanstack/react-virtual/-/react-virtual-3.13.13.tgz 0ms (cache hit)
340 http cache @next/swc-darwin-x64@https://registry.npmjs.org/@next/swc-darwin-x64/-/swc-darwin-x64-15.3.5.tgz 0ms (cache hit)
341 http cache @tanstack/virtual-core@https://registry.npmjs.org/@tanstack/virtual-core/-/virtual-core-3.13.13.tgz 0ms (cache hit)
342 http cache @next/env@https://registry.npmjs.org/@next/env/-/env-15.3.6.tgz 0ms (cache hit)
343 http cache next@https://registry.npmjs.org/next/-/next-15.3.6.tgz 0ms (cache hit)
344 http cache @floating-ui/react-dom@https://registry.npmjs.org/@floating-ui/react-dom/-/react-dom-2.1.6.tgz 0ms (cache hit)
345 http cache @floating-ui/dom@https://registry.npmjs.org/@floating-ui/dom/-/dom-1.7.4.tgz 0ms (cache hit)
346 http cache @floating-ui/utils@https://registry.npmjs.org/@floating-ui/utils/-/utils-0.2.10.tgz 0ms (cache hit)
347 http cache @floating-ui/core@https://registry.npmjs.org/@floating-ui/core/-/core-1.7.3.tgz 0ms (cache hit)
348 silly tarball no local data for tabbable@https://registry.npmjs.org/tabbable/-/tabbable-6.3.0.tgz. Extracting by manifest.
349 silly tarball no local data for scheduler@https://registry.npmjs.org/scheduler/-/scheduler-0.27.0.tgz. Extracting by manifest.
350 silly tarball no local data for react@https://registry.npmjs.org/react/-/react-19.2.3.tgz. Extracting by manifest.
351 silly tarball no local data for react-dom@https://registry.npmjs.org/react-dom/-/react-dom-19.2.3.tgz. Extracting by manifest.
352 silly tarball no local data for @next/swc-darwin-x64@https://registry.npmjs.org/@next/swc-darwin-x64/-/swc-darwin-x64-15.3.5.tgz. Extracting by manifest.
353 silly tarball no local data for @tanstack/react-virtual@https://registry.npmjs.org/@tanstack/react-virtual/-/react-virtual-3.13.13.tgz. Extracting by manifest.
354 silly tarball no local data for @tanstack/virtual-core@https://registry.npmjs.org/@tanstack/virtual-core/-/virtual-core-3.13.13.tgz. Extracting by manifest.
355 silly tarball no local data for @next/env@https://registry.npmjs.org/@next/env/-/env-15.3.6.tgz. Extracting by manifest.
356 silly tarball no local data for next@https://registry.npmjs.org/next/-/next-15.3.6.tgz. Extracting by manifest.
357 silly tarball no local data for @floating-ui/react-dom@https://registry.npmjs.org/@floating-ui/react-dom/-/react-dom-2.1.6.tgz. Extracting by manifest.
358 silly tarball no local data for @floating-ui/dom@https://registry.npmjs.org/@floating-ui/dom/-/dom-1.7.4.tgz. Extracting by manifest.
359 silly tarball no local data for @floating-ui/utils@https://registry.npmjs.org/@floating-ui/utils/-/utils-0.2.10.tgz. Extracting by manifest.
360 silly tarball no local data for @floating-ui/core@https://registry.npmjs.org/@floating-ui/core/-/core-1.7.3.tgz. Extracting by manifest.
361 http fetch GET 200 https://registry.npmjs.org/@tanstack/react-virtual/-/react-virtual-3.13.13.tgz 716ms (cache miss)
362 http fetch GET 200 https://registry.npmjs.org/scheduler/-/scheduler-0.27.0.tgz 3720ms (cache miss)
363 http fetch GET 200 https://registry.npmjs.org/tabbable/-/tabbable-6.3.0.tgz 4543ms (cache miss)
364 http fetch GET 200 https://registry.npmjs.org/react/-/react-19.2.3.tgz 4565ms (cache miss)
365 http fetch POST 200 https://registry.npmjs.org/-/npm/v1/security/advisories/bulk 4653ms
366 silly audit report {
366 silly audit report   axios: [
366 silly audit report     {
366 silly audit report       id: 1108263,
366 silly audit report       url: 'https://github.com/advisories/GHSA-4hjh-wcwx-xvwj',
366 silly audit report       title: 'Axios is vulnerable to DoS attack through lack of data size check',
366 silly audit report       severity: 'high',
366 silly audit report       vulnerable_versions: '>=1.0.0 <1.12.0',
366 silly audit report       cwe: [Array],
366 silly audit report       cvss: [Object]
366 silly audit report     }
366 silly audit report   ],
366 silly audit report   'form-data': [
366 silly audit report     {
366 silly audit report       id: 1109538,
366 silly audit report       url: 'https://github.com/advisories/GHSA-fjxv-7rqg-78g4',
366 silly audit report       title: 'form-data uses unsafe random function in form-data for choosing boundary',
366 silly audit report       severity: 'critical',
366 silly audit report       vulnerable_versions: '>=4.0.0 <4.0.4',
366 silly audit report       cwe: [Array],
366 silly audit report       cvss: [Object]
366 silly audit report     }
366 silly audit report   ],
366 silly audit report   glob: [
366 silly audit report     {
366 silly audit report       id: 1109842,
366 silly audit report       url: 'https://github.com/advisories/GHSA-5j98-mcp5-4vw2',
366 silly audit report       title: 'glob CLI: Command injection via -c/--cmd executes matches with shell:true',
366 silly audit report       severity: 'high',
366 silly audit report       vulnerable_versions: '>=10.2.0 <10.5.0',
366 silly audit report       cwe: [Array],
366 silly audit report       cvss: [Object]
366 silly audit report     }
366 silly audit report   ],
366 silly audit report   'js-yaml': [
366 silly audit report     {
366 silly audit report       id: 1109802,
366 silly audit report       url: 'https://github.com/advisories/GHSA-mh29-5h37-fv8m',
366 silly audit report       title: 'js-yaml has prototype pollution in merge (<<)',
366 silly audit report       severity: 'moderate',
366 silly audit report       vulnerable_versions: '>=4.0.0 <4.1.1',
366 silly audit report       cwe: [Array],
366 silly audit report       cvss: [Object]
366 silly audit report     }
366 silly audit report   ],
366 silly audit report   jspdf: [
366 silly audit report     {
366 silly audit report       id: 1107412,
366 silly audit report       url: 'https://github.com/advisories/GHSA-8mvj-3j78-4qmw',
366 silly audit report       title: 'jsPDF Denial of Service (DoS)',
366 silly audit report       severity: 'high',
366 silly audit report       vulnerable_versions: '<=3.0.1',
366 silly audit report       cwe: [Array],
366 silly audit report       cvss: [Object]
366 silly audit report     }
366 silly audit report   ],
366 silly audit report   nodemailer: [
366 silly audit report     {
366 silly audit report       id: 1111074,
366 silly audit report       url: 'https://github.com/advisories/GHSA-rcmh-qjqh-p98v',
366 silly audit report       title: 'Nodemailer’s addressparser is vulnerable to DoS caused by recursive calls',
366 silly audit report       severity: 'low',
366 silly audit report       vulnerable_versions: '<=7.0.10',
366 silly audit report       cwe: [Array],
366 silly audit report       cvss: [Object]
366 silly audit report     }
366 silly audit report   ],
366 silly audit report   next: [
366 silly audit report     {
366 silly audit report       id: 1111378,
366 silly audit report       url: 'https://github.com/advisories/GHSA-w37m-7fhw-fmv9',
366 silly audit report       title: 'Next Server Actions Source Code Exposure ',
366 silly audit report       severity: 'moderate',
366 silly audit report       vulnerable_versions: '>=15.3.0-canary.0 <15.3.7',
366 silly audit report       cwe: [Array],
366 silly audit report       cvss: [Object]
366 silly audit report     },
366 silly audit report     {
366 silly audit report       id: 1111387,
366 silly audit report       url: 'https://github.com/advisories/GHSA-mwv6-3258-q52c',
366 silly audit report       title: 'Next Vulnerable to Denial of Service with Server Components',
366 silly audit report       severity: 'high',
366 silly audit report       vulnerable_versions: '>=15.3.0-canary.0 <15.3.7',
366 silly audit report       cwe: [Array],
366 silly audit report       cvss: [Object]
366 silly audit report     },
366 silly audit report     {
366 silly audit report       id: 1107228,
366 silly audit report       url: 'https://github.com/advisories/GHSA-g5qg-72qw-gw5v',
366 silly audit report       title: 'Next.js Affected by Cache Key Confusion for Image Optimization API Routes',
366 silly audit report       severity: 'moderate',
366 silly audit report       vulnerable_versions: '>=15.0.0 <=15.4.4',
366 silly audit report       cwe: [Array],
366 silly audit report       cvss: [Object]
366 silly audit report     },
366 silly audit report     {
366 silly audit report       id: 1107514,
366 silly audit report       url: 'https://github.com/advisories/GHSA-xv57-4mr9-wg8v',
366 silly audit report       title: 'Next.js Content Injection Vulnerability for Image Optimization',
366 silly audit report       severity: 'moderate',
366 silly audit report       vulnerable_versions: '>=15.0.0 <=15.4.4',
366 silly audit report       cwe: [Array],
366 silly audit report       cvss: [Object]
366 silly audit report     },
366 silly audit report     {
366 silly audit report       id: 1107515,
366 silly audit report       url: 'https://github.com/advisories/GHSA-4342-x723-ch2f',
366 silly audit report       title: 'Next.js Improper Middleware Redirect Handling Leads to SSRF',
366 silly audit report       severity: 'moderate',
366 silly audit report       vulnerable_versions: '>=15.0.0-canary.0 <15.4.7',
366 silly audit report       cwe: [Array],
366 silly audit report       cvss: [Object]
366 silly audit report     }
366 silly audit report   ]
366 silly audit report }
367 silly packumentCache corgi:https://registry.npmjs.org/axios cache-miss
368 silly packumentCache corgi:https://registry.npmjs.org/form-data cache-miss
369 silly packumentCache corgi:https://registry.npmjs.org/glob cache-miss
370 silly packumentCache corgi:https://registry.npmjs.org/js-yaml cache-miss
371 silly packumentCache corgi:https://registry.npmjs.org/jspdf cache-miss
372 silly packumentCache corgi:https://registry.npmjs.org/nodemailer cache-miss
373 silly packumentCache corgi:https://registry.npmjs.org/next cache-miss
374 http cache https://registry.npmjs.org/next 63ms (cache hit)
375 silly packumentCache corgi:https://registry.npmjs.org/next set size:22959756 disposed:false
376 http fetch GET 200 https://registry.npmjs.org/form-data 639ms (cache revalidated)
377 silly packumentCache corgi:https://registry.npmjs.org/form-data set size:51426 disposed:false
378 http fetch GET 200 https://registry.npmjs.org/js-yaml 639ms (cache revalidated)
379 silly packumentCache corgi:https://registry.npmjs.org/js-yaml set size:58533 disposed:false
380 http fetch GET 200 https://registry.npmjs.org/axios 642ms (cache revalidated)
381 silly packumentCache corgi:https://registry.npmjs.org/axios set size:262593 disposed:false
382 http fetch GET 200 https://registry.npmjs.org/glob 712ms (cache miss)
383 silly packumentCache corgi:https://registry.npmjs.org/glob set size:undefined disposed:false
384 http fetch GET 200 https://registry.npmjs.org/jspdf 876ms (cache updated)
385 silly packumentCache corgi:https://registry.npmjs.org/jspdf set size:undefined disposed:false
386 http fetch GET 200 https://registry.npmjs.org/react-dom/-/react-dom-19.2.3.tgz 5560ms (cache miss)
387 http fetch GET 200 https://registry.npmjs.org/@tanstack/virtual-core/-/virtual-core-3.13.13.tgz 5924ms (cache miss)
388 http fetch GET 200 https://registry.npmjs.org/@next/env/-/env-15.3.6.tgz 5931ms (cache miss)
389 http fetch GET 200 https://registry.npmjs.org/@floating-ui/dom/-/dom-1.7.4.tgz 5937ms (cache miss)
390 http fetch GET 200 https://registry.npmjs.org/@floating-ui/utils/-/utils-0.2.10.tgz 5936ms (cache miss)
391 http fetch GET 200 https://registry.npmjs.org/@floating-ui/core/-/core-1.7.3.tgz 5941ms (cache miss)
392 http fetch GET 200 https://registry.npmjs.org/@floating-ui/react-dom/-/react-dom-2.1.6.tgz 9381ms (cache miss)
393 http fetch GET 200 https://registry.npmjs.org/nodemailer 5359ms (cache miss)
394 silly packumentCache corgi:https://registry.npmjs.org/nodemailer set size:undefined disposed:false
395 silly packumentCache corgi:https://registry.npmjs.org/sucrase cache-miss
396 http fetch GET 200 https://registry.npmjs.org/sucrase 263ms (cache miss)
397 silly packumentCache corgi:https://registry.npmjs.org/sucrase set size:undefined disposed:false
398 silly packumentCache corgi:https://registry.npmjs.org/@eslint%2feslintrc cache-miss
399 silly packumentCache corgi:https://registry.npmjs.org/eslint cache-miss
400 http fetch GET 200 https://registry.npmjs.org/@eslint%2feslintrc 757ms (cache updated)
401 silly packumentCache corgi:https://registry.npmjs.org/@eslint%2feslintrc set size:undefined disposed:false
402 http fetch GET 200 https://registry.npmjs.org/eslint 2702ms (cache updated)
403 silly packumentCache corgi:https://registry.npmjs.org/eslint set size:undefined disposed:false
404 silly packumentCache corgi:https://registry.npmjs.org/@ducanh2912%2fnext-pwa cache-miss
405 silly packumentCache corgi:https://registry.npmjs.org/@vercel%2fanalytics cache-miss
406 silly packumentCache corgi:https://registry.npmjs.org/inngest cache-miss
407 silly packumentCache corgi:https://registry.npmjs.org/next-pwa cache-miss
408 http fetch GET 200 https://registry.npmjs.org/next-pwa 1941ms (cache revalidated)
409 silly packumentCache corgi:https://registry.npmjs.org/next-pwa set size:188954 disposed:false
410 http fetch GET 200 https://registry.npmjs.org/@ducanh2912%2fnext-pwa 1958ms (cache revalidated)
411 silly packumentCache corgi:https://registry.npmjs.org/@ducanh2912%2fnext-pwa set size:132781 disposed:false
412 http fetch GET 200 https://registry.npmjs.org/@vercel%2fanalytics 1975ms (cache updated)
413 silly packumentCache corgi:https://registry.npmjs.org/@vercel%2fanalytics set size:undefined disposed:false
414 http fetch GET 200 https://registry.npmjs.org/inngest 4367ms (cache miss)
415 silly packumentCache corgi:https://registry.npmjs.org/inngest set size:undefined disposed:false
416 http fetch GET 200 https://registry.npmjs.org/next/-/next-15.3.6.tgz 101953ms (cache miss)
417 warn deprecated next@15.3.6: This version has a security vulnerability. Please upgrade to a patched version. See https://nextjs.org/blog/security-update-2025-12-11 for more details.
418 http fetch GET 200 https://registry.npmjs.org/@next/swc-darwin-x64/-/swc-darwin-x64-15.3.5.tgz 139610ms (cache miss)
419 silly ADD
420 silly ADD
421 silly ADD
422 silly ADD
423 silly ADD
424 silly ADD
425 silly ADD
426 silly ADD
427 silly ADD
428 silly ADD
429 silly ADD
430 silly ADD
431 silly ADD
432 silly ADD
433 silly ADD
434 silly ADD
435 silly ADD
436 silly ADD
437 silly ADD
438 silly ADD
439 silly ADD
440 silly ADD
441 silly ADD
442 silly ADD
443 silly ADD
444 silly ADD
445 silly ADD
446 silly CHANGE node_modules/tabbable
447 silly CHANGE node_modules/scheduler
448 silly CHANGE node_modules/react-dom
449 silly CHANGE node_modules/react
450 silly CHANGE node_modules/next
451 silly CHANGE node_modules/@tanstack/virtual-core
452 silly CHANGE node_modules/@tanstack/react-virtual
453 silly CHANGE node_modules/@next/swc-darwin-x64
454 silly CHANGE node_modules/@next/env
455 silly CHANGE node_modules/@floating-ui/utils
456 silly CHANGE node_modules/@floating-ui/react-dom
457 silly CHANGE node_modules/@floating-ui/dom
458 silly CHANGE node_modules/@floating-ui/core
459 verbose cwd /Users/mac/Desktop/accezz-supabase
460 verbose os Darwin 24.6.0
461 verbose node v22.20.0
462 verbose npm  v10.9.3
463 verbose exit 0
464 info ok
