0 verbose cli /usr/local/bin/node /usr/local/bin/npm
1 info using npm@10.9.3
2 info using node@v22.20.0
3 silly config load:file:/usr/local/lib/node_modules/npm/npmrc
4 silly config load:file:/Users/mac/Desktop/accezz-supabase/.npmrc
5 silly config load:file:/Users/mac/.npmrc
6 silly config load:file:/usr/local/etc/npmrc
7 verbose title npm install react@18.3.1 react-dom@18.3.1
8 verbose argv "install" "react@18.3.1" "react-dom@18.3.1"
9 verbose logfile logs-max:10 dir:/Users/mac/Desktop/accezz-supabase/.npm-cache/_logs/2025-12-12T14_17_23_729Z-
10 verbose logfile /Users/mac/Desktop/accezz-supabase/.npm-cache/_logs/2025-12-12T14_17_23_729Z-debug-0.log
11 silly logfile start cleaning logs, removing 1 files
12 silly packumentCache heap:4345298944 maxSize:1086324736 maxEntrySize:543162368
13 silly logfile done cleaning log files
14 silly idealTree buildDeps
15 silly fetch manifest react@18.3.1
16 silly packumentCache full:https://registry.npmjs.org/react cache-miss
17 http fetch GET 200 https://registry.npmjs.org/react 1495ms (cache revalidated)
18 silly packumentCache full:https://registry.npmjs.org/react set size:6344067 disposed:false
19 silly fetch manifest react-dom@18.3.1
20 silly packumentCache full:https://registry.npmjs.org/react-dom cache-miss
21 http fetch GET 200 https://registry.npmjs.org/react-dom 385ms (cache revalidated)
22 silly packumentCache full:https://registry.npmjs.org/react-dom set size:8342628 disposed:false
23 silly placeDep ROOT react@18.3.1 REPLACE for: Accezz@0.2.0 want: 18.3.1
24 warn ERESOLVE overriding peer dependency {
24 warn ERESOLVE   code: 'ERESOLVE',
24 warn ERESOLVE   edge: {
24 warn ERESOLVE     type: 'peer',
24 warn ERESOLVE     name: 'react',
24 warn ERESOLVE     spec: '^19.2.3',
24 warn ERESOLVE     from: {
24 warn ERESOLVE       name: 'react-dom',
24 warn ERESOLVE       version: '19.2.3',
24 warn ERESOLVE       location: 'node_modules/react-dom',
24 warn ERESOLVE       isWorkspace: false,
24 warn ERESOLVE       dependents: [Array]
24 warn ERESOLVE     }
24 warn ERESOLVE   },
24 warn ERESOLVE   dep: {
24 warn ERESOLVE     name: 'react',
24 warn ERESOLVE     version: '18.3.1',
24 warn ERESOLVE     whileInstalling: {
24 warn ERESOLVE       name: 'Accezz',
24 warn ERESOLVE       version: '0.2.0',
24 warn ERESOLVE       path: '/Users/mac/Desktop/accezz-supabase'
24 warn ERESOLVE     },
24 warn ERESOLVE     location: 'node_modules/react',
24 warn ERESOLVE     isWorkspace: false,
24 warn ERESOLVE     dependents: [ [Object] ]
24 warn ERESOLVE   },
24 warn ERESOLVE   force: false,
24 warn ERESOLVE   isMine: true,
24 warn ERESOLVE   strictPeerDeps: false,
24 warn ERESOLVE   current: {
24 warn ERESOLVE     name: 'react',
24 warn ERESOLVE     version: '19.2.3',
24 warn ERESOLVE     location: 'node_modules/react',
24 warn ERESOLVE     isWorkspace: false,
24 warn ERESOLVE     dependents: [
24 warn ERESOLVE       [Object], [Object], [Object],
24 warn ERESOLVE       [Object], [Object], [Object],
24 warn ERESOLVE       [Object], [Object], [Object],
24 warn ERESOLVE       [Object], [Object], [Object],
24 warn ERESOLVE       [Object], [Object], [Object],
24 warn ERESOLVE       [Object], [Object], [Object],
24 warn ERESOLVE       [Object], [Object], [Object],
24 warn ERESOLVE       [Object], [Object], [Object],
24 warn ERESOLVE       [Object], [Object], [Object],
24 warn ERESOLVE       [Object], [Object], [Object],
24 warn ERESOLVE       [Object], [Object], [Object],
24 warn ERESOLVE       [Object]
24 warn ERESOLVE     ]
24 warn ERESOLVE   }
24 warn ERESOLVE }
25 warn ERESOLVE overriding peer dependency {
25 warn ERESOLVE   code: 'ERESOLVE',
25 warn ERESOLVE   edge: {
25 warn ERESOLVE     type: 'peer',
25 warn ERESOLVE     name: 'react',
25 warn ERESOLVE     spec: '^19.2.3',
25 warn ERESOLVE     from: {
25 warn ERESOLVE       name: 'react-dom',
25 warn ERESOLVE       version: '19.2.3',
25 warn ERESOLVE       location: 'node_modules/react-dom',
25 warn ERESOLVE       isWorkspace: false,
25 warn ERESOLVE       dependents: [Array]
25 warn ERESOLVE     }
25 warn ERESOLVE   },
25 warn ERESOLVE   dep: {
25 warn ERESOLVE     name: 'react',
25 warn ERESOLVE     version: '18.3.1',
25 warn ERESOLVE     whileInstalling: {
25 warn ERESOLVE       name: 'Accezz',
25 warn ERESOLVE       version: '0.2.0',
25 warn ERESOLVE       path: '/Users/mac/Desktop/accezz-supabase'
25 warn ERESOLVE     },
25 warn ERESOLVE     location: 'node_modules/react',
25 warn ERESOLVE     isWorkspace: false,
25 warn ERESOLVE     dependents: [ [Object] ]
25 warn ERESOLVE   },
25 warn ERESOLVE   force: false,
25 warn ERESOLVE   isMine: true,
25 warn ERESOLVE   strictPeerDeps: false,
25 warn ERESOLVE   current: {
25 warn ERESOLVE     name: 'react',
25 warn ERESOLVE     version: '19.2.3',
25 warn ERESOLVE     location: 'node_modules/react',
25 warn ERESOLVE     isWorkspace: false,
25 warn ERESOLVE     dependents: [
25 warn ERESOLVE       [Object], [Object], [Object],
25 warn ERESOLVE       [Object], [Object], [Object],
25 warn ERESOLVE       [Object], [Object], [Object],
25 warn ERESOLVE       [Object], [Object], [Object],
25 warn ERESOLVE       [Object], [Object], [Object],
25 warn ERESOLVE       [Object], [Object], [Object],
25 warn ERESOLVE       [Object], [Object], [Object],
25 warn ERESOLVE       [Object], [Object], [Object],
25 warn ERESOLVE       [Object], [Object], [Object],
25 warn ERESOLVE       [Object], [Object], [Object],
25 warn ERESOLVE       [Object], [Object], [Object],
25 warn ERESOLVE       [Object]
25 warn ERESOLVE     ]
25 warn ERESOLVE   }
25 warn ERESOLVE }
26 warn ERESOLVE overriding peer dependency {
26 warn ERESOLVE   code: 'ERESOLVE',
26 warn ERESOLVE   edge: {
26 warn ERESOLVE     type: 'peer',
26 warn ERESOLVE     name: 'react',
26 warn ERESOLVE     spec: '^19.2.3',
26 warn ERESOLVE     from: {
26 warn ERESOLVE       name: 'react-dom',
26 warn ERESOLVE       version: '19.2.3',
26 warn ERESOLVE       location: 'node_modules/react-dom',
26 warn ERESOLVE       isWorkspace: false,
26 warn ERESOLVE       dependents: [Array]
26 warn ERESOLVE     }
26 warn ERESOLVE   },
26 warn ERESOLVE   dep: {
26 warn ERESOLVE     name: 'react',
26 warn ERESOLVE     version: '18.3.1',
26 warn ERESOLVE     whileInstalling: {
26 warn ERESOLVE       name: 'Accezz',
26 warn ERESOLVE       version: '0.2.0',
26 warn ERESOLVE       path: '/Users/mac/Desktop/accezz-supabase'
26 warn ERESOLVE     },
26 warn ERESOLVE     location: 'node_modules/react',
26 warn ERESOLVE     isWorkspace: false,
26 warn ERESOLVE     dependents: [ [Object] ]
26 warn ERESOLVE   },
26 warn ERESOLVE   force: false,
26 warn ERESOLVE   isMine: true,
26 warn ERESOLVE   strictPeerDeps: false,
26 warn ERESOLVE   current: {
26 warn ERESOLVE     name: 'react',
26 warn ERESOLVE     version: '19.2.3',
26 warn ERESOLVE     location: 'node_modules/react',
26 warn ERESOLVE     isWorkspace: false,
26 warn ERESOLVE     dependents: [
26 warn ERESOLVE       [Object], [Object], [Object],
26 warn ERESOLVE       [Object], [Object], [Object],
26 warn ERESOLVE       [Object], [Object], [Object],
26 warn ERESOLVE       [Object], [Object], [Object],
26 warn ERESOLVE       [Object], [Object], [Object],
26 warn ERESOLVE       [Object], [Object], [Object],
26 warn ERESOLVE       [Object], [Object], [Object],
26 warn ERESOLVE       [Object], [Object], [Object],
26 warn ERESOLVE       [Object], [Object], [Object],
26 warn ERESOLVE       [Object], [Object], [Object],
26 warn ERESOLVE       [Object], [Object], [Object],
26 warn ERESOLVE       [Object]
26 warn ERESOLVE     ]
26 warn ERESOLVE   }
26 warn ERESOLVE }
27 warn ERESOLVE overriding peer dependency {
27 warn ERESOLVE   code: 'ERESOLVE',
27 warn ERESOLVE   edge: {
27 warn ERESOLVE     type: 'peer',
27 warn ERESOLVE     name: 'react',
27 warn ERESOLVE     spec: '^19.2.3',
27 warn ERESOLVE     from: {
27 warn ERESOLVE       name: 'react-dom',
27 warn ERESOLVE       version: '19.2.3',
27 warn ERESOLVE       location: 'node_modules/react-dom',
27 warn ERESOLVE       isWorkspace: false,
27 warn ERESOLVE       dependents: [Array]
27 warn ERESOLVE     }
27 warn ERESOLVE   },
27 warn ERESOLVE   dep: {
27 warn ERESOLVE     name: 'react',
27 warn ERESOLVE     version: '18.3.1',
27 warn ERESOLVE     whileInstalling: {
27 warn ERESOLVE       name: 'Accezz',
27 warn ERESOLVE       version: '0.2.0',
27 warn ERESOLVE       path: '/Users/mac/Desktop/accezz-supabase'
27 warn ERESOLVE     },
27 warn ERESOLVE     location: 'node_modules/react',
27 warn ERESOLVE     isWorkspace: false,
27 warn ERESOLVE     dependents: [ [Object] ]
27 warn ERESOLVE   },
27 warn ERESOLVE   force: false,
27 warn ERESOLVE   isMine: true,
27 warn ERESOLVE   strictPeerDeps: false,
27 warn ERESOLVE   current: {
27 warn ERESOLVE     name: 'react',
27 warn ERESOLVE     version: '19.2.3',
27 warn ERESOLVE     location: 'node_modules/react',
27 warn ERESOLVE     isWorkspace: false,
27 warn ERESOLVE     dependents: [
27 warn ERESOLVE       [Object], [Object], [Object],
27 warn ERESOLVE       [Object], [Object], [Object],
27 warn ERESOLVE       [Object], [Object], [Object],
27 warn ERESOLVE       [Object], [Object], [Object],
27 warn ERESOLVE       [Object], [Object], [Object],
27 warn ERESOLVE       [Object], [Object], [Object],
27 warn ERESOLVE       [Object], [Object], [Object],
27 warn ERESOLVE       [Object], [Object], [Object],
27 warn ERESOLVE       [Object], [Object], [Object],
27 warn ERESOLVE       [Object], [Object], [Object],
27 warn ERESOLVE       [Object], [Object], [Object],
27 warn ERESOLVE       [Object]
27 warn ERESOLVE     ]
27 warn ERESOLVE   }
27 warn ERESOLVE }
28 warn ERESOLVE overriding peer dependency {
28 warn ERESOLVE   code: 'ERESOLVE',
28 warn ERESOLVE   edge: {
28 warn ERESOLVE     type: 'peer',
28 warn ERESOLVE     name: 'react',
28 warn ERESOLVE     spec: '^19.2.3',
28 warn ERESOLVE     from: {
28 warn ERESOLVE       name: 'react-dom',
28 warn ERESOLVE       version: '19.2.3',
28 warn ERESOLVE       location: 'node_modules/react-dom',
28 warn ERESOLVE       isWorkspace: false,
28 warn ERESOLVE       dependents: [Array]
28 warn ERESOLVE     }
28 warn ERESOLVE   },
28 warn ERESOLVE   dep: {
28 warn ERESOLVE     name: 'react',
28 warn ERESOLVE     version: '18.3.1',
28 warn ERESOLVE     whileInstalling: {
28 warn ERESOLVE       name: 'Accezz',
28 warn ERESOLVE       version: '0.2.0',
28 warn ERESOLVE       path: '/Users/mac/Desktop/accezz-supabase'
28 warn ERESOLVE     },
28 warn ERESOLVE     location: 'node_modules/react',
28 warn ERESOLVE     isWorkspace: false,
28 warn ERESOLVE     dependents: [ [Object] ]
28 warn ERESOLVE   },
28 warn ERESOLVE   force: false,
28 warn ERESOLVE   isMine: true,
28 warn ERESOLVE   strictPeerDeps: false,
28 warn ERESOLVE   current: {
28 warn ERESOLVE     name: 'react',
28 warn ERESOLVE     version: '19.2.3',
28 warn ERESOLVE     location: 'node_modules/react',
28 warn ERESOLVE     isWorkspace: false,
28 warn ERESOLVE     dependents: [
28 warn ERESOLVE       [Object], [Object], [Object],
28 warn ERESOLVE       [Object], [Object], [Object],
28 warn ERESOLVE       [Object], [Object], [Object],
28 warn ERESOLVE       [Object], [Object], [Object],
28 warn ERESOLVE       [Object], [Object], [Object],
28 warn ERESOLVE       [Object], [Object], [Object],
28 warn ERESOLVE       [Object], [Object], [Object],
28 warn ERESOLVE       [Object], [Object], [Object],
28 warn ERESOLVE       [Object], [Object], [Object],
28 warn ERESOLVE       [Object], [Object], [Object],
28 warn ERESOLVE       [Object], [Object], [Object],
28 warn ERESOLVE       [Object]
28 warn ERESOLVE     ]
28 warn ERESOLVE   }
28 warn ERESOLVE }
29 warn ERESOLVE overriding peer dependency {
29 warn ERESOLVE   code: 'ERESOLVE',
29 warn ERESOLVE   edge: {
29 warn ERESOLVE     type: 'peer',
29 warn ERESOLVE     name: 'react',
29 warn ERESOLVE     spec: '^19.2.3',
29 warn ERESOLVE     from: {
29 warn ERESOLVE       name: 'react-dom',
29 warn ERESOLVE       version: '19.2.3',
29 warn ERESOLVE       location: 'node_modules/react-dom',
29 warn ERESOLVE       isWorkspace: false,
29 warn ERESOLVE       dependents: [Array]
29 warn ERESOLVE     }
29 warn ERESOLVE   },
29 warn ERESOLVE   dep: {
29 warn ERESOLVE     name: 'react',
29 warn ERESOLVE     version: '18.3.1',
29 warn ERESOLVE     whileInstalling: {
29 warn ERESOLVE       name: 'Accezz',
29 warn ERESOLVE       version: '0.2.0',
29 warn ERESOLVE       path: '/Users/mac/Desktop/accezz-supabase'
29 warn ERESOLVE     },
29 warn ERESOLVE     location: 'node_modules/react',
29 warn ERESOLVE     isWorkspace: false,
29 warn ERESOLVE     dependents: [ [Object] ]
29 warn ERESOLVE   },
29 warn ERESOLVE   force: false,
29 warn ERESOLVE   isMine: true,
29 warn ERESOLVE   strictPeerDeps: false,
29 warn ERESOLVE   current: {
29 warn ERESOLVE     name: 'react',
29 warn ERESOLVE     version: '19.2.3',
29 warn ERESOLVE     location: 'node_modules/react',
29 warn ERESOLVE     isWorkspace: false,
29 warn ERESOLVE     dependents: [
29 warn ERESOLVE       [Object], [Object], [Object],
29 warn ERESOLVE       [Object], [Object], [Object],
29 warn ERESOLVE       [Object], [Object], [Object],
29 warn ERESOLVE       [Object], [Object], [Object],
29 warn ERESOLVE       [Object], [Object], [Object],
29 warn ERESOLVE       [Object], [Object], [Object],
29 warn ERESOLVE       [Object], [Object], [Object],
29 warn ERESOLVE       [Object], [Object], [Object],
29 warn ERESOLVE       [Object], [Object], [Object],
29 warn ERESOLVE       [Object], [Object], [Object],
29 warn ERESOLVE       [Object], [Object], [Object],
29 warn ERESOLVE       [Object]
29 warn ERESOLVE     ]
29 warn ERESOLVE   }
29 warn ERESOLVE }
30 warn ERESOLVE overriding peer dependency {
30 warn ERESOLVE   code: 'ERESOLVE',
30 warn ERESOLVE   edge: {
30 warn ERESOLVE     type: 'peer',
30 warn ERESOLVE     name: 'react',
30 warn ERESOLVE     spec: '^19.2.3',
30 warn ERESOLVE     from: {
30 warn ERESOLVE       name: 'react-dom',
30 warn ERESOLVE       version: '19.2.3',
30 warn ERESOLVE       location: 'node_modules/react-dom',
30 warn ERESOLVE       isWorkspace: false,
30 warn ERESOLVE       dependents: [Array]
30 warn ERESOLVE     }
30 warn ERESOLVE   },
30 warn ERESOLVE   dep: {
30 warn ERESOLVE     name: 'react',
30 warn ERESOLVE     version: '18.3.1',
30 warn ERESOLVE     whileInstalling: {
30 warn ERESOLVE       name: 'Accezz',
30 warn ERESOLVE       version: '0.2.0',
30 warn ERESOLVE       path: '/Users/mac/Desktop/accezz-supabase'
30 warn ERESOLVE     },
30 warn ERESOLVE     location: 'node_modules/react',
30 warn ERESOLVE     isWorkspace: false,
30 warn ERESOLVE     dependents: [ [Object] ]
30 warn ERESOLVE   },
30 warn ERESOLVE   force: false,
30 warn ERESOLVE   isMine: true,
30 warn ERESOLVE   strictPeerDeps: false,
30 warn ERESOLVE   current: {
30 warn ERESOLVE     name: 'react',
30 warn ERESOLVE     version: '19.2.3',
30 warn ERESOLVE     location: 'node_modules/react',
30 warn ERESOLVE     isWorkspace: false,
30 warn ERESOLVE     dependents: [
30 warn ERESOLVE       [Object], [Object], [Object],
30 warn ERESOLVE       [Object], [Object], [Object],
30 warn ERESOLVE       [Object], [Object], [Object],
30 warn ERESOLVE       [Object], [Object], [Object],
30 warn ERESOLVE       [Object], [Object], [Object],
30 warn ERESOLVE       [Object], [Object], [Object],
30 warn ERESOLVE       [Object], [Object], [Object],
30 warn ERESOLVE       [Object], [Object], [Object],
30 warn ERESOLVE       [Object], [Object], [Object],
30 warn ERESOLVE       [Object], [Object], [Object],
30 warn ERESOLVE       [Object], [Object], [Object],
30 warn ERESOLVE       [Object]
30 warn ERESOLVE     ]
30 warn ERESOLVE   }
30 warn ERESOLVE }
31 warn ERESOLVE overriding peer dependency {
31 warn ERESOLVE   code: 'ERESOLVE',
31 warn ERESOLVE   edge: {
31 warn ERESOLVE     type: 'peer',
31 warn ERESOLVE     name: 'react',
31 warn ERESOLVE     spec: '^19.2.3',
31 warn ERESOLVE     from: {
31 warn ERESOLVE       name: 'react-dom',
31 warn ERESOLVE       version: '19.2.3',
31 warn ERESOLVE       location: 'node_modules/react-dom',
31 warn ERESOLVE       isWorkspace: false,
31 warn ERESOLVE       dependents: [Array]
31 warn ERESOLVE     }
31 warn ERESOLVE   },
31 warn ERESOLVE   dep: {
31 warn ERESOLVE     name: 'react',
31 warn ERESOLVE     version: '18.3.1',
31 warn ERESOLVE     whileInstalling: {
31 warn ERESOLVE       name: 'Accezz',
31 warn ERESOLVE       version: '0.2.0',
31 warn ERESOLVE       path: '/Users/mac/Desktop/accezz-supabase'
31 warn ERESOLVE     },
31 warn ERESOLVE     location: 'node_modules/react',
31 warn ERESOLVE     isWorkspace: false,
31 warn ERESOLVE     dependents: [ [Object] ]
31 warn ERESOLVE   },
31 warn ERESOLVE   force: false,
31 warn ERESOLVE   isMine: true,
31 warn ERESOLVE   strictPeerDeps: false,
31 warn ERESOLVE   current: {
31 warn ERESOLVE     name: 'react',
31 warn ERESOLVE     version: '19.2.3',
31 warn ERESOLVE     location: 'node_modules/react',
31 warn ERESOLVE     isWorkspace: false,
31 warn ERESOLVE     dependents: [
31 warn ERESOLVE       [Object], [Object], [Object],
31 warn ERESOLVE       [Object], [Object], [Object],
31 warn ERESOLVE       [Object], [Object], [Object],
31 warn ERESOLVE       [Object], [Object], [Object],
31 warn ERESOLVE       [Object], [Object], [Object],
31 warn ERESOLVE       [Object], [Object], [Object],
31 warn ERESOLVE       [Object], [Object], [Object],
31 warn ERESOLVE       [Object], [Object], [Object],
31 warn ERESOLVE       [Object], [Object], [Object],
31 warn ERESOLVE       [Object], [Object], [Object],
31 warn ERESOLVE       [Object], [Object], [Object],
31 warn ERESOLVE       [Object]
31 warn ERESOLVE     ]
31 warn ERESOLVE   }
31 warn ERESOLVE }
32 warn ERESOLVE overriding peer dependency {
32 warn ERESOLVE   code: 'ERESOLVE',
32 warn ERESOLVE   edge: {
32 warn ERESOLVE     type: 'peer',
32 warn ERESOLVE     name: 'react',
32 warn ERESOLVE     spec: '^19.2.3',
32 warn ERESOLVE     from: {
32 warn ERESOLVE       name: 'react-dom',
32 warn ERESOLVE       version: '19.2.3',
32 warn ERESOLVE       location: 'node_modules/react-dom',
32 warn ERESOLVE       isWorkspace: false,
32 warn ERESOLVE       dependents: [Array]
32 warn ERESOLVE     }
32 warn ERESOLVE   },
32 warn ERESOLVE   dep: {
32 warn ERESOLVE     name: 'react',
32 warn ERESOLVE     version: '18.3.1',
32 warn ERESOLVE     whileInstalling: {
32 warn ERESOLVE       name: 'Accezz',
32 warn ERESOLVE       version: '0.2.0',
32 warn ERESOLVE       path: '/Users/mac/Desktop/accezz-supabase'
32 warn ERESOLVE     },
32 warn ERESOLVE     location: 'node_modules/react',
32 warn ERESOLVE     isWorkspace: false,
32 warn ERESOLVE     dependents: [ [Object] ]
32 warn ERESOLVE   },
32 warn ERESOLVE   force: false,
32 warn ERESOLVE   isMine: true,
32 warn ERESOLVE   strictPeerDeps: false,
32 warn ERESOLVE   current: {
32 warn ERESOLVE     name: 'react',
32 warn ERESOLVE     version: '19.2.3',
32 warn ERESOLVE     location: 'node_modules/react',
32 warn ERESOLVE     isWorkspace: false,
32 warn ERESOLVE     dependents: [
32 warn ERESOLVE       [Object], [Object], [Object],
32 warn ERESOLVE       [Object], [Object], [Object],
32 warn ERESOLVE       [Object], [Object], [Object],
32 warn ERESOLVE       [Object], [Object], [Object],
32 warn ERESOLVE       [Object], [Object], [Object],
32 warn ERESOLVE       [Object], [Object], [Object],
32 warn ERESOLVE       [Object], [Object], [Object],
32 warn ERESOLVE       [Object], [Object], [Object],
32 warn ERESOLVE       [Object], [Object], [Object],
32 warn ERESOLVE       [Object], [Object], [Object],
32 warn ERESOLVE       [Object], [Object], [Object],
32 warn ERESOLVE       [Object]
32 warn ERESOLVE     ]
32 warn ERESOLVE   }
32 warn ERESOLVE }
33 warn ERESOLVE overriding peer dependency {
33 warn ERESOLVE   code: 'ERESOLVE',
33 warn ERESOLVE   edge: {
33 warn ERESOLVE     type: 'peer',
33 warn ERESOLVE     name: 'react',
33 warn ERESOLVE     spec: '^19.2.3',
33 warn ERESOLVE     from: {
33 warn ERESOLVE       name: 'react-dom',
33 warn ERESOLVE       version: '19.2.3',
33 warn ERESOLVE       location: 'node_modules/react-dom',
33 warn ERESOLVE       isWorkspace: false,
33 warn ERESOLVE       dependents: [Array]
33 warn ERESOLVE     }
33 warn ERESOLVE   },
33 warn ERESOLVE   dep: {
33 warn ERESOLVE     name: 'react',
33 warn ERESOLVE     version: '18.3.1',
33 warn ERESOLVE     whileInstalling: {
33 warn ERESOLVE       name: 'Accezz',
33 warn ERESOLVE       version: '0.2.0',
33 warn ERESOLVE       path: '/Users/mac/Desktop/accezz-supabase'
33 warn ERESOLVE     },
33 warn ERESOLVE     location: 'node_modules/react',
33 warn ERESOLVE     isWorkspace: false,
33 warn ERESOLVE     dependents: [ [Object] ]
33 warn ERESOLVE   },
33 warn ERESOLVE   force: false,
33 warn ERESOLVE   isMine: true,
33 warn ERESOLVE   strictPeerDeps: false,
33 warn ERESOLVE   current: {
33 warn ERESOLVE     name: 'react',
33 warn ERESOLVE     version: '19.2.3',
33 warn ERESOLVE     location: 'node_modules/react',
33 warn ERESOLVE     isWorkspace: false,
33 warn ERESOLVE     dependents: [
33 warn ERESOLVE       [Object], [Object], [Object],
33 warn ERESOLVE       [Object], [Object], [Object],
33 warn ERESOLVE       [Object], [Object], [Object],
33 warn ERESOLVE       [Object], [Object], [Object],
33 warn ERESOLVE       [Object], [Object], [Object],
33 warn ERESOLVE       [Object], [Object], [Object],
33 warn ERESOLVE       [Object], [Object], [Object],
33 warn ERESOLVE       [Object], [Object], [Object],
33 warn ERESOLVE       [Object], [Object], [Object],
33 warn ERESOLVE       [Object], [Object], [Object],
33 warn ERESOLVE       [Object], [Object], [Object],
33 warn ERESOLVE       [Object]
33 warn ERESOLVE     ]
33 warn ERESOLVE   }
33 warn ERESOLVE }
34 warn ERESOLVE overriding peer dependency {
34 warn ERESOLVE   code: 'ERESOLVE',
34 warn ERESOLVE   edge: {
34 warn ERESOLVE     type: 'peer',
34 warn ERESOLVE     name: 'react',
34 warn ERESOLVE     spec: '^19.2.3',
34 warn ERESOLVE     from: {
34 warn ERESOLVE       name: 'react-dom',
34 warn ERESOLVE       version: '19.2.3',
34 warn ERESOLVE       location: 'node_modules/react-dom',
34 warn ERESOLVE       isWorkspace: false,
34 warn ERESOLVE       dependents: [Array]
34 warn ERESOLVE     }
34 warn ERESOLVE   },
34 warn ERESOLVE   dep: {
34 warn ERESOLVE     name: 'react',
34 warn ERESOLVE     version: '18.3.1',
34 warn ERESOLVE     whileInstalling: {
34 warn ERESOLVE       name: 'Accezz',
34 warn ERESOLVE       version: '0.2.0',
34 warn ERESOLVE       path: '/Users/mac/Desktop/accezz-supabase'
34 warn ERESOLVE     },
34 warn ERESOLVE     location: 'node_modules/react',
34 warn ERESOLVE     isWorkspace: false,
34 warn ERESOLVE     dependents: [ [Object] ]
34 warn ERESOLVE   },
34 warn ERESOLVE   force: false,
34 warn ERESOLVE   isMine: true,
34 warn ERESOLVE   strictPeerDeps: false,
34 warn ERESOLVE   current: {
34 warn ERESOLVE     name: 'react',
34 warn ERESOLVE     version: '19.2.3',
34 warn ERESOLVE     location: 'node_modules/react',
34 warn ERESOLVE     isWorkspace: false,
34 warn ERESOLVE     dependents: [
34 warn ERESOLVE       [Object], [Object], [Object],
34 warn ERESOLVE       [Object], [Object], [Object],
34 warn ERESOLVE       [Object], [Object], [Object],
34 warn ERESOLVE       [Object], [Object], [Object],
34 warn ERESOLVE       [Object], [Object], [Object],
34 warn ERESOLVE       [Object], [Object], [Object],
34 warn ERESOLVE       [Object], [Object], [Object],
34 warn ERESOLVE       [Object], [Object], [Object],
34 warn ERESOLVE       [Object], [Object], [Object],
34 warn ERESOLVE       [Object], [Object], [Object],
34 warn ERESOLVE       [Object], [Object], [Object],
34 warn ERESOLVE       [Object]
34 warn ERESOLVE     ]
34 warn ERESOLVE   }
34 warn ERESOLVE }
35 warn ERESOLVE overriding peer dependency {
35 warn ERESOLVE   code: 'ERESOLVE',
35 warn ERESOLVE   edge: {
35 warn ERESOLVE     type: 'peer',
35 warn ERESOLVE     name: 'react',
35 warn ERESOLVE     spec: '^19.2.3',
35 warn ERESOLVE     from: {
35 warn ERESOLVE       name: 'react-dom',
35 warn ERESOLVE       version: '19.2.3',
35 warn ERESOLVE       location: 'node_modules/react-dom',
35 warn ERESOLVE       isWorkspace: false,
35 warn ERESOLVE       dependents: [Array]
35 warn ERESOLVE     }
35 warn ERESOLVE   },
35 warn ERESOLVE   dep: {
35 warn ERESOLVE     name: 'react',
35 warn ERESOLVE     version: '18.3.1',
35 warn ERESOLVE     whileInstalling: {
35 warn ERESOLVE       name: 'Accezz',
35 warn ERESOLVE       version: '0.2.0',
35 warn ERESOLVE       path: '/Users/mac/Desktop/accezz-supabase'
35 warn ERESOLVE     },
35 warn ERESOLVE     location: 'node_modules/react',
35 warn ERESOLVE     isWorkspace: false,
35 warn ERESOLVE     dependents: [ [Object] ]
35 warn ERESOLVE   },
35 warn ERESOLVE   force: false,
35 warn ERESOLVE   isMine: true,
35 warn ERESOLVE   strictPeerDeps: false,
35 warn ERESOLVE   current: {
35 warn ERESOLVE     name: 'react',
35 warn ERESOLVE     version: '19.2.3',
35 warn ERESOLVE     location: 'node_modules/react',
35 warn ERESOLVE     isWorkspace: false,
35 warn ERESOLVE     dependents: [
35 warn ERESOLVE       [Object], [Object], [Object],
35 warn ERESOLVE       [Object], [Object], [Object],
35 warn ERESOLVE       [Object], [Object], [Object],
35 warn ERESOLVE       [Object], [Object], [Object],
35 warn ERESOLVE       [Object], [Object], [Object],
35 warn ERESOLVE       [Object], [Object], [Object],
35 warn ERESOLVE       [Object], [Object], [Object],
35 warn ERESOLVE       [Object], [Object], [Object],
35 warn ERESOLVE       [Object], [Object], [Object],
35 warn ERESOLVE       [Object], [Object], [Object],
35 warn ERESOLVE       [Object], [Object], [Object],
35 warn ERESOLVE       [Object]
35 warn ERESOLVE     ]
35 warn ERESOLVE   }
35 warn ERESOLVE }
36 silly placeDep ROOT react-dom@18.3.1 REPLACE for: Accezz@0.2.0 want: 18.3.1
37 silly fetch manifest scheduler@^0.23.2
38 silly packumentCache full:https://registry.npmjs.org/scheduler cache-miss
39 http fetch GET 200 https://registry.npmjs.org/scheduler 268ms (cache revalidated)
40 silly packumentCache full:https://registry.npmjs.org/scheduler set size:5279307 disposed:false
41 silly fetch manifest react-calendar@^5.1.0
42 silly packumentCache full:https://registry.npmjs.org/react-calendar cache-miss
43 http fetch GET 200 https://registry.npmjs.org/react-calendar 409ms (cache revalidated)
44 silly packumentCache full:https://registry.npmjs.org/react-calendar set size:338062 disposed:false
45 silly fetch manifest @types/react@^18
46 silly packumentCache full:https://registry.npmjs.org/@types%2freact cache-miss
47 http fetch GET 200 https://registry.npmjs.org/@types%2freact 277ms (cache revalidated)
48 silly packumentCache full:https://registry.npmjs.org/@types%2freact set size:2541992 disposed:false
49 silly placeDep ROOT react@18.3.1 REPLACE for: Accezz@0.2.0 want: 18.3.1
50 silly placeDep ROOT react-calendar@5.1.0 OK for: Accezz@0.2.0 want: ^5.1.0
51 silly placeDep ROOT react-dom@18.3.1 REPLACE for: Accezz@0.2.0 want: 18.3.1
52 silly fetch manifest warning@^4.0.0
53 silly packumentCache full:https://registry.npmjs.org/warning cache-miss
54 silly fetch manifest get-user-locale@^2.2.1
55 silly packumentCache full:https://registry.npmjs.org/get-user-locale cache-miss
56 silly fetch manifest @wojtekmaj/date-utils@^1.1.3
57 silly packumentCache full:https://registry.npmjs.org/@wojtekmaj%2fdate-utils cache-miss
58 http fetch GET 200 https://registry.npmjs.org/get-user-locale 243ms (cache revalidated)
59 silly packumentCache full:https://registry.npmjs.org/get-user-locale set size:69029 disposed:false
60 http fetch GET 200 https://registry.npmjs.org/@wojtekmaj%2fdate-utils 910ms (cache revalidated)
61 silly packumentCache full:https://registry.npmjs.org/@wojtekmaj%2fdate-utils set size:44431 disposed:false
62 http fetch GET 200 https://registry.npmjs.org/warning 913ms (cache revalidated)
63 silly packumentCache full:https://registry.npmjs.org/warning set size:22942 disposed:false
64 silly fetch manifest @floating-ui/react@^0.26.16
65 silly packumentCache full:https://registry.npmjs.org/@floating-ui%2freact cache-miss
66 http fetch GET 200 https://registry.npmjs.org/@floating-ui%2freact 298ms (cache revalidated)
67 silly packumentCache full:https://registry.npmjs.org/@floating-ui%2freact set size:267624 disposed:false
68 silly fetch manifest react@^18 || ^19 || ^19.0.0-rc
69 silly packumentCache full:https://registry.npmjs.org/react cache-miss
70 http cache https://registry.npmjs.org/react 16ms (cache hit)
71 silly packumentCache full:https://registry.npmjs.org/react set size:6344067 disposed:false
72 silly fetch manifest react-dom@^18 || ^19 || ^19.0.0-rc
73 silly packumentCache full:https://registry.npmjs.org/react-dom cache-miss
74 http cache https://registry.npmjs.org/react-dom 21ms (cache hit)
75 silly packumentCache full:https://registry.npmjs.org/react-dom set size:8342628 disposed:false
76 silly fetch manifest @tanstack/react-virtual@^3.8.1
77 silly packumentCache full:https://registry.npmjs.org/@tanstack%2freact-virtual cache-miss
78 http fetch GET 200 https://registry.npmjs.org/@tanstack%2freact-virtual 266ms (cache revalidated)
79 silly packumentCache full:https://registry.npmjs.org/@tanstack%2freact-virtual set size:306477 disposed:false
80 silly placeDep ROOT @floating-ui/react@0.26.28 OK for: @headlessui/react@2.2.0 want: ^0.26.16
81 silly placeDep ROOT @tanstack/react-virtual@3.13.13 OK for: @headlessui/react@2.2.0 want: ^3.8.1
82 silly fetch manifest tabbable@^6.0.0
83 silly packumentCache full:https://registry.npmjs.org/tabbable cache-miss
84 silly fetch manifest @floating-ui/utils@^0.2.8
85 silly packumentCache full:https://registry.npmjs.org/@floating-ui%2futils cache-miss
86 silly fetch manifest @floating-ui/react-dom@^2.1.2
87 silly packumentCache full:https://registry.npmjs.org/@floating-ui%2freact-dom cache-miss
88 silly fetch manifest @tanstack/virtual-core@3.13.13
89 silly packumentCache full:https://registry.npmjs.org/@tanstack%2fvirtual-core cache-miss
90 http fetch GET 200 https://registry.npmjs.org/tabbable 251ms (cache revalidated)
91 silly packumentCache full:https://registry.npmjs.org/tabbable set size:188480 disposed:false
92 http fetch GET 200 https://registry.npmjs.org/@tanstack%2fvirtual-core 252ms (cache revalidated)
93 silly packumentCache full:https://registry.npmjs.org/@tanstack%2fvirtual-core set size:259234 disposed:false
94 http fetch GET 200 https://registry.npmjs.org/@floating-ui%2futils 258ms (cache revalidated)
95 silly packumentCache full:https://registry.npmjs.org/@floating-ui%2futils set size:48234 disposed:false
96 http fetch GET 200 https://registry.npmjs.org/@floating-ui%2freact-dom 1023ms (cache revalidated)
97 silly packumentCache full:https://registry.npmjs.org/@floating-ui%2freact-dom set size:158879 disposed:false
98 silly fetch manifest react@>=16.8.0
99 silly packumentCache full:https://registry.npmjs.org/react cache-miss
100 http cache https://registry.npmjs.org/react 13ms (cache hit)
101 silly packumentCache full:https://registry.npmjs.org/react set size:6344067 disposed:false
102 silly fetch manifest react-dom@>=16.8.0
103 silly packumentCache full:https://registry.npmjs.org/react-dom cache-miss
104 http cache https://registry.npmjs.org/react-dom 25ms (cache hit)
105 silly packumentCache full:https://registry.npmjs.org/react-dom set size:8342628 disposed:false
106 silly placeDep ROOT @floating-ui/react-dom@2.1.6 OK for: @floating-ui/react@0.26.28 want: ^2.1.2
107 silly placeDep ROOT @floating-ui/utils@0.2.10 OK for: @floating-ui/react@0.26.28 want: ^0.2.8
108 silly placeDep ROOT tabbable@6.3.0 OK for: @floating-ui/react@0.26.28 want: ^6.0.0
109 silly fetch manifest @floating-ui/dom@^1.7.4
110 silly packumentCache full:https://registry.npmjs.org/@floating-ui%2fdom cache-miss
111 http fetch GET 200 https://registry.npmjs.org/@floating-ui%2fdom 273ms (cache revalidated)
112 silly packumentCache full:https://registry.npmjs.org/@floating-ui%2fdom set size:245681 disposed:false
113 silly placeDep ROOT @floating-ui/dom@1.7.4 OK for: @floating-ui/react-dom@2.1.6 want: ^1.7.4
114 silly fetch manifest @floating-ui/core@^1.7.3
115 silly packumentCache full:https://registry.npmjs.org/@floating-ui%2fcore cache-miss
116 http fetch GET 200 https://registry.npmjs.org/@floating-ui%2fcore 248ms (cache revalidated)
117 silly packumentCache full:https://registry.npmjs.org/@floating-ui%2fcore set size:173742 disposed:false
118 silly placeDep ROOT @floating-ui/core@1.7.3 OK for: @floating-ui/dom@1.7.4 want: ^1.7.3
119 silly fetch manifest react-transition-group@^4.4.5
120 silly packumentCache full:https://registry.npmjs.org/react-transition-group cache-miss
121 http fetch GET 200 https://registry.npmjs.org/react-transition-group 242ms (cache revalidated)
122 silly packumentCache full:https://registry.npmjs.org/react-transition-group set size:110654 disposed:false
123 silly fetch manifest react@^17.0.0 || ^18.0.0 || ^19.0.0
124 silly packumentCache full:https://registry.npmjs.org/react cache-miss
125 http cache https://registry.npmjs.org/react 16ms (cache hit)
126 silly packumentCache full:https://registry.npmjs.org/react set size:6344067 disposed:false
127 silly fetch manifest react-dom@^17.0.0 || ^18.0.0 || ^19.0.0
128 silly packumentCache full:https://registry.npmjs.org/react-dom cache-miss
129 http cache https://registry.npmjs.org/react-dom 20ms (cache hit)
130 silly packumentCache full:https://registry.npmjs.org/react-dom set size:8342628 disposed:false
131 silly placeDep ROOT react-transition-group@4.4.5 OK for: @mui/material@6.4.11 want: ^4.4.5
132 silly fetch manifest dom-helpers@^5.0.1
133 silly packumentCache full:https://registry.npmjs.org/dom-helpers cache-miss
134 http fetch GET 200 https://registry.npmjs.org/dom-helpers 237ms (cache revalidated)
135 silly packumentCache full:https://registry.npmjs.org/dom-helpers set size:76331 disposed:false
136 silly fetch manifest @opentelemetry/core@^2.0.0
137 silly packumentCache full:https://registry.npmjs.org/@opentelemetry%2fcore cache-miss
138 http fetch GET 200 https://registry.npmjs.org/@opentelemetry%2fcore 249ms (cache revalidated)
139 silly packumentCache full:https://registry.npmjs.org/@opentelemetry%2fcore set size:789177 disposed:false
140 silly fetch manifest @opentelemetry/api@^1.4.1
141 silly packumentCache full:https://registry.npmjs.org/@opentelemetry%2fapi cache-miss
142 http fetch GET 200 https://registry.npmjs.org/@opentelemetry%2fapi 267ms (cache revalidated)
143 silly packumentCache full:https://registry.npmjs.org/@opentelemetry%2fapi set size:455567 disposed:false
144 warn ERESOLVE overriding peer dependency {
144 warn ERESOLVE   code: 'ERESOLVE',
144 warn ERESOLVE   edge: {
144 warn ERESOLVE     type: 'peer',
144 warn ERESOLVE     name: '@opentelemetry/core',
144 warn ERESOLVE     spec: '^2.0.0',
144 warn ERESOLVE     error: 'PEER LOCAL',
144 warn ERESOLVE     from: {
144 warn ERESOLVE       name: '@opentelemetry/auto-instrumentations-node',
144 warn ERESOLVE       version: '0.66.0',
144 warn ERESOLVE       location: 'node_modules/@opentelemetry/auto-instrumentations-node',
144 warn ERESOLVE       isWorkspace: false,
144 warn ERESOLVE       dependents: [Array]
144 warn ERESOLVE     }
144 warn ERESOLVE   },
144 warn ERESOLVE   dep: {
144 warn ERESOLVE     name: '@opentelemetry/core',
144 warn ERESOLVE     version: '2.2.0',
144 warn ERESOLVE     whileInstalling: {
144 warn ERESOLVE       name: '@opentelemetry/auto-instrumentations-node',
144 warn ERESOLVE       version: '0.66.0',
144 warn ERESOLVE       path: '/Users/mac/Desktop/accezz-supabase/node_modules/@opentelemetry/auto-instrumentations-node'
144 warn ERESOLVE     },
144 warn ERESOLVE     location: 'node_modules/@opentelemetry/core',
144 warn ERESOLVE     isWorkspace: false,
144 warn ERESOLVE     dependents: [ [Object] ]
144 warn ERESOLVE   },
144 warn ERESOLVE   force: false,
144 warn ERESOLVE   isMine: false,
144 warn ERESOLVE   strictPeerDeps: false,
144 warn ERESOLVE   current: {
144 warn ERESOLVE     name: '@opentelemetry/core',
144 warn ERESOLVE     version: '2.2.0',
144 warn ERESOLVE     location: 'node_modules/@opentelemetry/auto-instrumentations-node/node_modules/@opentelemetry/core',
144 warn ERESOLVE     isWorkspace: false,
144 warn ERESOLVE     dependents: [ [Object] ]
144 warn ERESOLVE   },
144 warn ERESOLVE   peerConflict: {
144 warn ERESOLVE     current: {
144 warn ERESOLVE       name: '@opentelemetry/core',
144 warn ERESOLVE       version: '2.2.0',
144 warn ERESOLVE       location: 'node_modules/@opentelemetry/auto-instrumentations-node/node_modules/@opentelemetry/core',
144 warn ERESOLVE       isWorkspace: false,
144 warn ERESOLVE       dependents: [Array]
144 warn ERESOLVE     },
144 warn ERESOLVE     peer: {
144 warn ERESOLVE       name: '@opentelemetry/core',
144 warn ERESOLVE       version: '2.2.0',
144 warn ERESOLVE       whileInstalling: [Object],
144 warn ERESOLVE       location: 'node_modules/@opentelemetry/core',
144 warn ERESOLVE       isWorkspace: false,
144 warn ERESOLVE       dependents: [Array]
144 warn ERESOLVE     }
144 warn ERESOLVE   }
144 warn ERESOLVE }
145 silly placeDep ROOT @tanstack/virtual-core@3.13.13 OK for: @tanstack/react-virtual@3.13.13 want: 3.13.13
146 silly fetch manifest typescript@>=4.8.4 <5.8.0
147 silly packumentCache full:https://registry.npmjs.org/typescript cache-miss
148 http fetch GET 200 https://registry.npmjs.org/typescript 278ms (cache revalidated)
149 silly packumentCache full:https://registry.npmjs.org/typescript set size:15001790 disposed:false
150 warn ERESOLVE overriding peer dependency {
150 warn ERESOLVE   code: 'ERESOLVE',
150 warn ERESOLVE   edge: {
150 warn ERESOLVE     type: 'peer',
150 warn ERESOLVE     name: 'typescript',
150 warn ERESOLVE     spec: '>=4.8.4 <5.8.0',
150 warn ERESOLVE     error: 'INVALID',
150 warn ERESOLVE     from: {
150 warn ERESOLVE       name: '@typescript-eslint/eslint-plugin',
150 warn ERESOLVE       version: '8.18.2',
150 warn ERESOLVE       location: 'node_modules/@typescript-eslint/eslint-plugin',
150 warn ERESOLVE       isWorkspace: false,
150 warn ERESOLVE       dependents: [Array]
150 warn ERESOLVE     }
150 warn ERESOLVE   },
150 warn ERESOLVE   dep: {
150 warn ERESOLVE     name: 'typescript',
150 warn ERESOLVE     version: '5.7.3',
150 warn ERESOLVE     whileInstalling: {
150 warn ERESOLVE       name: '@typescript-eslint/eslint-plugin',
150 warn ERESOLVE       version: '8.18.2',
150 warn ERESOLVE       path: '/Users/mac/Desktop/accezz-supabase/node_modules/@typescript-eslint/eslint-plugin'
150 warn ERESOLVE     },
150 warn ERESOLVE     location: 'node_modules/typescript',
150 warn ERESOLVE     isWorkspace: false,
150 warn ERESOLVE     dependents: [ [Object] ]
150 warn ERESOLVE   },
150 warn ERESOLVE   force: false,
150 warn ERESOLVE   isMine: false,
150 warn ERESOLVE   strictPeerDeps: false,
150 warn ERESOLVE   current: {
150 warn ERESOLVE     name: 'typescript',
150 warn ERESOLVE     version: '5.9.3',
150 warn ERESOLVE     location: 'node_modules/typescript',
150 warn ERESOLVE     isWorkspace: false,
150 warn ERESOLVE     dependents: [ [Object], [Object], [Object], [Object], [Object] ]
150 warn ERESOLVE   },
150 warn ERESOLVE   peerConflict: {
150 warn ERESOLVE     current: {
150 warn ERESOLVE       name: 'typescript',
150 warn ERESOLVE       version: '5.9.3',
150 warn ERESOLVE       location: 'node_modules/typescript',
150 warn ERESOLVE       isWorkspace: false,
150 warn ERESOLVE       dependents: [Array]
150 warn ERESOLVE     },
150 warn ERESOLVE     peer: {
150 warn ERESOLVE       name: 'typescript',
150 warn ERESOLVE       version: '5.7.3',
150 warn ERESOLVE       whileInstalling: [Object],
150 warn ERESOLVE       location: 'node_modules/typescript',
150 warn ERESOLVE       isWorkspace: false,
150 warn ERESOLVE       dependents: [Array]
150 warn ERESOLVE     }
150 warn ERESOLVE   }
150 warn ERESOLVE }
151 warn ERESOLVE overriding peer dependency {
151 warn ERESOLVE   code: 'ERESOLVE',
151 warn ERESOLVE   edge: {
151 warn ERESOLVE     type: 'peer',
151 warn ERESOLVE     name: 'typescript',
151 warn ERESOLVE     spec: '>=4.8.4 <5.8.0',
151 warn ERESOLVE     error: 'INVALID',
151 warn ERESOLVE     from: {
151 warn ERESOLVE       name: '@typescript-eslint/parser',
151 warn ERESOLVE       version: '8.18.2',
151 warn ERESOLVE       location: 'node_modules/@typescript-eslint/parser',
151 warn ERESOLVE       isWorkspace: false,
151 warn ERESOLVE       dependents: [Array]
151 warn ERESOLVE     }
151 warn ERESOLVE   },
151 warn ERESOLVE   dep: {
151 warn ERESOLVE     name: 'typescript',
151 warn ERESOLVE     version: '5.7.3',
151 warn ERESOLVE     whileInstalling: {
151 warn ERESOLVE       name: '@typescript-eslint/parser',
151 warn ERESOLVE       version: '8.18.2',
151 warn ERESOLVE       path: '/Users/mac/Desktop/accezz-supabase/node_modules/@typescript-eslint/parser'
151 warn ERESOLVE     },
151 warn ERESOLVE     location: 'node_modules/typescript',
151 warn ERESOLVE     isWorkspace: false,
151 warn ERESOLVE     dependents: [ [Object] ]
151 warn ERESOLVE   },
151 warn ERESOLVE   force: false,
151 warn ERESOLVE   isMine: false,
151 warn ERESOLVE   strictPeerDeps: false,
151 warn ERESOLVE   current: {
151 warn ERESOLVE     name: 'typescript',
151 warn ERESOLVE     version: '5.9.3',
151 warn ERESOLVE     location: 'node_modules/typescript',
151 warn ERESOLVE     isWorkspace: false,
151 warn ERESOLVE     dependents: [ [Object], [Object], [Object], [Object], [Object] ]
151 warn ERESOLVE   },
151 warn ERESOLVE   peerConflict: {
151 warn ERESOLVE     current: {
151 warn ERESOLVE       name: 'typescript',
151 warn ERESOLVE       version: '5.9.3',
151 warn ERESOLVE       location: 'node_modules/typescript',
151 warn ERESOLVE       isWorkspace: false,
151 warn ERESOLVE       dependents: [Array]
151 warn ERESOLVE     },
151 warn ERESOLVE     peer: {
151 warn ERESOLVE       name: 'typescript',
151 warn ERESOLVE       version: '5.7.3',
151 warn ERESOLVE       whileInstalling: [Object],
151 warn ERESOLVE       location: 'node_modules/typescript',
151 warn ERESOLVE       isWorkspace: false,
151 warn ERESOLVE       dependents: [Array]
151 warn ERESOLVE     }
151 warn ERESOLVE   }
151 warn ERESOLVE }
152 warn ERESOLVE overriding peer dependency {
152 warn ERESOLVE   code: 'ERESOLVE',
152 warn ERESOLVE   edge: {
152 warn ERESOLVE     type: 'peer',
152 warn ERESOLVE     name: 'typescript',
152 warn ERESOLVE     spec: '>=4.8.4 <5.8.0',
152 warn ERESOLVE     error: 'INVALID',
152 warn ERESOLVE     from: {
152 warn ERESOLVE       name: '@typescript-eslint/type-utils',
152 warn ERESOLVE       version: '8.18.2',
152 warn ERESOLVE       location: 'node_modules/@typescript-eslint/type-utils',
152 warn ERESOLVE       isWorkspace: false,
152 warn ERESOLVE       dependents: [Array]
152 warn ERESOLVE     }
152 warn ERESOLVE   },
152 warn ERESOLVE   dep: {
152 warn ERESOLVE     name: 'typescript',
152 warn ERESOLVE     version: '5.7.3',
152 warn ERESOLVE     whileInstalling: {
152 warn ERESOLVE       name: '@typescript-eslint/type-utils',
152 warn ERESOLVE       version: '8.18.2',
152 warn ERESOLVE       path: '/Users/mac/Desktop/accezz-supabase/node_modules/@typescript-eslint/type-utils'
152 warn ERESOLVE     },
152 warn ERESOLVE     location: 'node_modules/typescript',
152 warn ERESOLVE     isWorkspace: false,
152 warn ERESOLVE     dependents: [ [Object] ]
152 warn ERESOLVE   },
152 warn ERESOLVE   force: false,
152 warn ERESOLVE   isMine: false,
152 warn ERESOLVE   strictPeerDeps: false,
152 warn ERESOLVE   current: {
152 warn ERESOLVE     name: 'typescript',
152 warn ERESOLVE     version: '5.9.3',
152 warn ERESOLVE     location: 'node_modules/typescript',
152 warn ERESOLVE     isWorkspace: false,
152 warn ERESOLVE     dependents: [ [Object], [Object], [Object], [Object], [Object] ]
152 warn ERESOLVE   },
152 warn ERESOLVE   peerConflict: {
152 warn ERESOLVE     current: {
152 warn ERESOLVE       name: 'typescript',
152 warn ERESOLVE       version: '5.9.3',
152 warn ERESOLVE       location: 'node_modules/typescript',
152 warn ERESOLVE       isWorkspace: false,
152 warn ERESOLVE       dependents: [Array]
152 warn ERESOLVE     },
152 warn ERESOLVE     peer: {
152 warn ERESOLVE       name: 'typescript',
152 warn ERESOLVE       version: '5.7.3',
152 warn ERESOLVE       whileInstalling: [Object],
152 warn ERESOLVE       location: 'node_modules/typescript',
152 warn ERESOLVE       isWorkspace: false,
152 warn ERESOLVE       dependents: [Array]
152 warn ERESOLVE     }
152 warn ERESOLVE   }
152 warn ERESOLVE }
153 warn ERESOLVE overriding peer dependency {
153 warn ERESOLVE   code: 'ERESOLVE',
153 warn ERESOLVE   edge: {
153 warn ERESOLVE     type: 'peer',
153 warn ERESOLVE     name: 'typescript',
153 warn ERESOLVE     spec: '>=4.8.4 <5.8.0',
153 warn ERESOLVE     error: 'INVALID',
153 warn ERESOLVE     from: {
153 warn ERESOLVE       name: '@typescript-eslint/typescript-estree',
153 warn ERESOLVE       version: '8.18.2',
153 warn ERESOLVE       location: 'node_modules/@typescript-eslint/typescript-estree',
153 warn ERESOLVE       isWorkspace: false,
153 warn ERESOLVE       dependents: [Array]
153 warn ERESOLVE     }
153 warn ERESOLVE   },
153 warn ERESOLVE   dep: {
153 warn ERESOLVE     name: 'typescript',
153 warn ERESOLVE     version: '5.7.3',
153 warn ERESOLVE     whileInstalling: {
153 warn ERESOLVE       name: '@typescript-eslint/typescript-estree',
153 warn ERESOLVE       version: '8.18.2',
153 warn ERESOLVE       path: '/Users/mac/Desktop/accezz-supabase/node_modules/@typescript-eslint/typescript-estree'
153 warn ERESOLVE     },
153 warn ERESOLVE     location: 'node_modules/typescript',
153 warn ERESOLVE     isWorkspace: false,
153 warn ERESOLVE     dependents: [ [Object] ]
153 warn ERESOLVE   },
153 warn ERESOLVE   force: false,
153 warn ERESOLVE   isMine: false,
153 warn ERESOLVE   strictPeerDeps: false,
153 warn ERESOLVE   current: {
153 warn ERESOLVE     name: 'typescript',
153 warn ERESOLVE     version: '5.9.3',
153 warn ERESOLVE     location: 'node_modules/typescript',
153 warn ERESOLVE     isWorkspace: false,
153 warn ERESOLVE     dependents: [ [Object], [Object], [Object], [Object], [Object] ]
153 warn ERESOLVE   },
153 warn ERESOLVE   peerConflict: {
153 warn ERESOLVE     current: {
153 warn ERESOLVE       name: 'typescript',
153 warn ERESOLVE       version: '5.9.3',
153 warn ERESOLVE       location: 'node_modules/typescript',
153 warn ERESOLVE       isWorkspace: false,
153 warn ERESOLVE       dependents: [Array]
153 warn ERESOLVE     },
153 warn ERESOLVE     peer: {
153 warn ERESOLVE       name: 'typescript',
153 warn ERESOLVE       version: '5.7.3',
153 warn ERESOLVE       whileInstalling: [Object],
153 warn ERESOLVE       location: 'node_modules/typescript',
153 warn ERESOLVE       isWorkspace: false,
153 warn ERESOLVE       dependents: [Array]
153 warn ERESOLVE     }
153 warn ERESOLVE   }
153 warn ERESOLVE }
154 warn ERESOLVE overriding peer dependency {
154 warn ERESOLVE   code: 'ERESOLVE',
154 warn ERESOLVE   edge: {
154 warn ERESOLVE     type: 'peer',
154 warn ERESOLVE     name: 'typescript',
154 warn ERESOLVE     spec: '>=4.8.4 <5.8.0',
154 warn ERESOLVE     error: 'INVALID',
154 warn ERESOLVE     from: {
154 warn ERESOLVE       name: '@typescript-eslint/utils',
154 warn ERESOLVE       version: '8.18.2',
154 warn ERESOLVE       location: 'node_modules/@typescript-eslint/utils',
154 warn ERESOLVE       isWorkspace: false,
154 warn ERESOLVE       dependents: [Array]
154 warn ERESOLVE     }
154 warn ERESOLVE   },
154 warn ERESOLVE   dep: {
154 warn ERESOLVE     name: 'typescript',
154 warn ERESOLVE     version: '5.7.3',
154 warn ERESOLVE     whileInstalling: {
154 warn ERESOLVE       name: '@typescript-eslint/utils',
154 warn ERESOLVE       version: '8.18.2',
154 warn ERESOLVE       path: '/Users/mac/Desktop/accezz-supabase/node_modules/@typescript-eslint/utils'
154 warn ERESOLVE     },
154 warn ERESOLVE     location: 'node_modules/typescript',
154 warn ERESOLVE     isWorkspace: false,
154 warn ERESOLVE     dependents: [ [Object] ]
154 warn ERESOLVE   },
154 warn ERESOLVE   force: false,
154 warn ERESOLVE   isMine: false,
154 warn ERESOLVE   strictPeerDeps: false,
154 warn ERESOLVE   current: {
154 warn ERESOLVE     name: 'typescript',
154 warn ERESOLVE     version: '5.9.3',
154 warn ERESOLVE     location: 'node_modules/typescript',
154 warn ERESOLVE     isWorkspace: false,
154 warn ERESOLVE     dependents: [ [Object], [Object], [Object], [Object], [Object] ]
154 warn ERESOLVE   },
154 warn ERESOLVE   peerConflict: {
154 warn ERESOLVE     current: {
154 warn ERESOLVE       name: 'typescript',
154 warn ERESOLVE       version: '5.9.3',
154 warn ERESOLVE       location: 'node_modules/typescript',
154 warn ERESOLVE       isWorkspace: false,
154 warn ERESOLVE       dependents: [Array]
154 warn ERESOLVE     },
154 warn ERESOLVE     peer: {
154 warn ERESOLVE       name: 'typescript',
154 warn ERESOLVE       version: '5.7.3',
154 warn ERESOLVE       whileInstalling: [Object],
154 warn ERESOLVE       location: 'node_modules/typescript',
154 warn ERESOLVE       isWorkspace: false,
154 warn ERESOLVE       dependents: [Array]
154 warn ERESOLVE     }
154 warn ERESOLVE   }
154 warn ERESOLVE }
155 silly placeDep ROOT @wojtekmaj/date-utils@1.5.1 OK for: react-calendar@5.1.0 want: ^1.1.3
156 silly placeDep ROOT get-user-locale@2.3.2 OK for: react-calendar@5.1.0 want: ^2.2.1
157 silly placeDep ROOT warning@4.0.3 OK for: react-calendar@5.1.0 want: ^4.0.0
158 silly fetch manifest mem@^8.0.0
159 silly packumentCache full:https://registry.npmjs.org/mem cache-miss
160 http fetch GET 200 https://registry.npmjs.org/mem 250ms (cache revalidated)
161 silly packumentCache full:https://registry.npmjs.org/mem set size:109940 disposed:false
162 silly placeDep ROOT mem@8.1.1 OK for: get-user-locale@2.3.2 want: ^8.0.0
163 silly fetch manifest map-age-cleaner@^0.1.3
164 silly packumentCache full:https://registry.npmjs.org/map-age-cleaner cache-miss
165 silly fetch manifest mimic-fn@^3.1.0
166 silly packumentCache full:https://registry.npmjs.org/mimic-fn cache-miss
167 http fetch GET 200 https://registry.npmjs.org/map-age-cleaner 261ms (cache revalidated)
168 silly packumentCache full:https://registry.npmjs.org/map-age-cleaner set size:18056 disposed:false
169 http fetch GET 200 https://registry.npmjs.org/mimic-fn 262ms (cache revalidated)
170 silly packumentCache full:https://registry.npmjs.org/mimic-fn set size:22257 disposed:false
171 silly placeDep ROOT map-age-cleaner@0.1.3 OK for: mem@8.1.1 want: ^0.1.3
172 silly placeDep ROOT mimic-fn@3.1.0 OK for: mem@8.1.1 want: ^3.1.0
173 silly fetch manifest p-defer@^1.0.0
174 silly packumentCache full:https://registry.npmjs.org/p-defer cache-miss
175 http fetch GET 200 https://registry.npmjs.org/p-defer 239ms (cache revalidated)
176 silly packumentCache full:https://registry.npmjs.org/p-defer set size:17545 disposed:false
177 silly placeDep ROOT p-defer@1.0.0 OK for: map-age-cleaner@0.1.3 want: ^1.0.0
178 silly placeDep ROOT scheduler@0.23.2 OK for: react-dom@18.3.1 want: ^0.23.2
179 silly placeDep ROOT dom-helpers@5.2.1 OK for: react-transition-group@4.4.5 want: ^5.0.1
180 silly reify mark retired [ '/Users/mac/Desktop/accezz-supabase/node_modules/react' ]
181 silly reify mark retired [ '/Users/mac/Desktop/accezz-supabase/node_modules/react-dom' ]
182 silly reify mark retired [ '/Users/mac/Desktop/accezz-supabase/node_modules/scheduler' ]
183 silly reify moves {
183 silly reify   '/Users/mac/Desktop/accezz-supabase/node_modules/react': '/Users/mac/Desktop/accezz-supabase/node_modules/.react-dMtJcu7a',
183 silly reify   '/Users/mac/Desktop/accezz-supabase/node_modules/react-dom': '/Users/mac/Desktop/accezz-supabase/node_modules/.react-dom-G4mLSMOn',
183 silly reify   '/Users/mac/Desktop/accezz-supabase/node_modules/scheduler': '/Users/mac/Desktop/accezz-supabase/node_modules/.scheduler-CuFWKokM'
183 silly reify }
184 silly audit bulk request {
184 silly audit   '@alloc/quick-lru': [ '5.2.0' ],
184 silly audit   '@ampproject/remapping': [ '2.3.0' ],
184 silly audit   '@aws-crypto/sha256-browser': [ '5.2.0' ],
184 silly audit   '@smithy/is-array-buffer': [ '2.2.0', '4.2.0' ],
184 silly audit   '@smithy/util-buffer-from': [ '2.2.0', '4.2.0' ],
184 silly audit   '@smithy/util-utf8': [ '2.3.0', '4.2.0' ],
184 silly audit   '@aws-crypto/sha256-js': [ '5.2.0' ],
184 silly audit   '@aws-crypto/supports-web-crypto': [ '5.2.0' ],
184 silly audit   '@aws-crypto/util': [ '5.2.0' ],
184 silly audit   '@aws-sdk/client-sesv2': [ '3.922.0' ],
184 silly audit   '@aws-sdk/client-sso': [ '3.922.0' ],
184 silly audit   '@aws-sdk/core': [ '3.922.0' ],
184 silly audit   '@aws-sdk/credential-provider-env': [ '3.922.0' ],
184 silly audit   '@aws-sdk/credential-provider-http': [ '3.922.0' ],
184 silly audit   '@aws-sdk/credential-provider-ini': [ '3.922.0' ],
184 silly audit   '@aws-sdk/credential-provider-node': [ '3.922.0' ],
184 silly audit   '@aws-sdk/credential-provider-process': [ '3.922.0' ],
184 silly audit   '@aws-sdk/credential-provider-sso': [ '3.922.0' ],
184 silly audit   '@aws-sdk/credential-provider-web-identity': [ '3.922.0' ],
184 silly audit   '@aws-sdk/middleware-host-header': [ '3.922.0' ],
184 silly audit   '@aws-sdk/middleware-logger': [ '3.922.0' ],
184 silly audit   '@aws-sdk/middleware-recursion-detection': [ '3.922.0' ],
184 silly audit   '@aws-sdk/middleware-sdk-s3': [ '3.922.0' ],
184 silly audit   '@aws-sdk/middleware-user-agent': [ '3.922.0' ],
184 silly audit   '@aws-sdk/nested-clients': [ '3.922.0' ],
184 silly audit   '@aws-sdk/region-config-resolver': [ '3.922.0' ],
184 silly audit   '@aws-sdk/signature-v4-multi-region': [ '3.922.0' ],
184 silly audit   '@aws-sdk/token-providers': [ '3.922.0' ],
184 silly audit   '@aws-sdk/types': [ '3.922.0' ],
184 silly audit   '@aws-sdk/util-arn-parser': [ '3.893.0' ],
184 silly audit   '@aws-sdk/util-endpoints': [ '3.922.0' ],
184 silly audit   '@aws-sdk/util-locate-window': [ '3.893.0' ],
184 silly audit   '@aws-sdk/util-user-agent-browser': [ '3.922.0' ],
184 silly audit   '@aws-sdk/util-user-agent-node': [ '3.922.0' ],
184 silly audit   '@aws-sdk/xml-builder': [ '3.921.0' ],
184 silly audit   '@aws/lambda-invoke-store': [ '0.1.1' ],
184 silly audit   '@babel/code-frame': [ '7.27.1' ],
184 silly audit   '@babel/compat-data': [ '7.27.5' ],
184 silly audit   '@babel/core': [ '7.27.4' ],
184 silly audit   'convert-source-map': [ '2.0.0', '1.9.0' ],
184 silly audit   json5: [ '2.2.3', '1.0.2' ],
184 silly audit   semver: [ '6.3.1', '7.6.3', '7.7.2' ],
184 silly audit   '@babel/generator': [ '7.27.5' ],
184 silly audit   '@babel/helper-annotate-as-pure': [ '7.27.3' ],
184 silly audit   '@babel/helper-compilation-targets': [ '7.27.2' ],
184 silly audit   'lru-cache': [ '5.1.1', '10.4.3' ],
184 silly audit   '@babel/helper-create-class-features-plugin': [ '7.27.1' ],
184 silly audit   '@babel/helper-create-regexp-features-plugin': [ '7.27.1' ],
184 silly audit   '@babel/helper-define-polyfill-provider': [ '0.6.4' ],
184 silly audit   '@babel/helper-member-expression-to-functions': [ '7.27.1' ],
184 silly audit   '@babel/helper-module-imports': [ '7.27.1' ],
184 silly audit   '@babel/helper-module-transforms': [ '7.27.3' ],
184 silly audit   '@babel/helper-optimise-call-expression': [ '7.27.1' ],
184 silly audit   '@babel/helper-plugin-utils': [ '7.27.1' ],
184 silly audit   '@babel/helper-remap-async-to-generator': [ '7.27.1' ],
184 silly audit   '@babel/helper-replace-supers': [ '7.27.1' ],
184 silly audit   '@babel/helper-skip-transparent-expression-wrappers': [ '7.27.1' ],
184 silly audit   '@babel/helper-string-parser': [ '7.27.1' ],
184 silly audit   '@babel/helper-validator-identifier': [ '7.27.1' ],
184 silly audit   '@babel/helper-validator-option': [ '7.27.1' ],
184 silly audit   '@babel/helper-wrap-function': [ '7.27.1' ],
184 silly audit   '@babel/helpers': [ '7.27.4' ],
184 silly audit   '@babel/parser': [ '7.27.5' ],
184 silly audit   '@babel/plugin-bugfix-firefox-class-in-computed-class-key': [ '7.27.1' ],
184 silly audit   '@babel/plugin-bugfix-safari-class-field-initializer-scope': [ '7.27.1' ],
184 silly audit   '@babel/plugin-bugfix-safari-id-destructuring-collision-in-function-expression': [ '7.27.1' ],
184 silly audit   '@babel/plugin-bugfix-v8-spread-parameters-in-optional-chaining': [ '7.27.1' ],
184 silly audit   '@babel/plugin-bugfix-v8-static-class-fields-redefine-readonly': [ '7.27.1' ],
184 silly audit   '@babel/plugin-proposal-private-property-in-object': [ '7.21.0-placeholder-for-preset-env.2' ],
184 silly audit   '@babel/plugin-syntax-import-assertions': [ '7.27.1' ],
184 silly audit   '@babel/plugin-syntax-import-attributes': [ '7.27.1' ],
184 silly audit   '@babel/plugin-syntax-unicode-sets-regex': [ '7.18.6' ],
184 silly audit   '@babel/plugin-transform-arrow-functions': [ '7.27.1' ],
184 silly audit   '@babel/plugin-transform-async-generator-functions': [ '7.27.1' ],
184 silly audit   '@babel/plugin-transform-async-to-generator': [ '7.27.1' ],
184 silly audit   '@babel/plugin-transform-block-scoped-functions': [ '7.27.1' ],
184 silly audit   '@babel/plugin-transform-block-scoping': [ '7.27.5' ],
184 silly audit   '@babel/plugin-transform-class-properties': [ '7.27.1' ],
184 silly audit   '@babel/plugin-transform-class-static-block': [ '7.27.1' ],
184 silly audit   '@babel/plugin-transform-classes': [ '7.27.1' ],
184 silly audit   '@babel/plugin-transform-computed-properties': [ '7.27.1' ],
184 silly audit   '@babel/plugin-transform-destructuring': [ '7.27.3' ],
184 silly audit   '@babel/plugin-transform-dotall-regex': [ '7.27.1' ],
184 silly audit   '@babel/plugin-transform-duplicate-keys': [ '7.27.1' ],
184 silly audit   '@babel/plugin-transform-duplicate-named-capturing-groups-regex': [ '7.27.1' ],
184 silly audit   '@babel/plugin-transform-dynamic-import': [ '7.27.1' ],
184 silly audit   '@babel/plugin-transform-exponentiation-operator': [ '7.27.1' ],
184 silly audit   '@babel/plugin-transform-export-namespace-from': [ '7.27.1' ],
184 silly audit   '@babel/plugin-transform-for-of': [ '7.27.1' ],
184 silly audit   '@babel/plugin-transform-function-name': [ '7.27.1' ],
184 silly audit   '@babel/plugin-transform-json-strings': [ '7.27.1' ],
184 silly audit   '@babel/plugin-transform-literals': [ '7.27.1' ],
184 silly audit   '@babel/plugin-transform-logical-assignment-operators': [ '7.27.1' ],
184 silly audit   '@babel/plugin-transform-member-expression-literals': [ '7.27.1' ],
184 silly audit   '@babel/plugin-transform-modules-amd': [ '7.27.1' ],
184 silly audit   '@babel/plugin-transform-modules-commonjs': [ '7.27.1' ],
184 silly audit   '@babel/plugin-transform-modules-systemjs': [ '7.27.1' ],
184 silly audit   '@babel/plugin-transform-modules-umd': [ '7.27.1' ],
184 silly audit   '@babel/plugin-transform-named-capturing-groups-regex': [ '7.27.1' ],
184 silly audit   '@babel/plugin-transform-new-target': [ '7.27.1' ],
184 silly audit   '@babel/plugin-transform-nullish-coalescing-operator': [ '7.27.1' ],
184 silly audit   '@babel/plugin-transform-numeric-separator': [ '7.27.1' ],
184 silly audit   '@babel/plugin-transform-object-rest-spread': [ '7.27.3' ],
184 silly audit   '@babel/plugin-transform-object-super': [ '7.27.1' ],
184 silly audit   '@babel/plugin-transform-optional-catch-binding': [ '7.27.1' ],
184 silly audit   '@babel/plugin-transform-optional-chaining': [ '7.27.1' ],
184 silly audit   '@babel/plugin-transform-parameters': [ '7.27.1' ],
184 silly audit   '@babel/plugin-transform-private-methods': [ '7.27.1' ],
184 silly audit   '@babel/plugin-transform-private-property-in-object': [ '7.27.1' ],
184 silly audit   '@babel/plugin-transform-property-literals': [ '7.27.1' ],
184 silly audit   '@babel/plugin-transform-regenerator': [ '7.27.5' ],
184 silly audit   '@babel/plugin-transform-regexp-modifiers': [ '7.27.1' ],
184 silly audit   '@babel/plugin-transform-reserved-words': [ '7.27.1' ],
184 silly audit   '@babel/plugin-transform-shorthand-properties': [ '7.27.1' ],
184 silly audit   '@babel/plugin-transform-spread': [ '7.27.1' ],
184 silly audit   '@babel/plugin-transform-sticky-regex': [ '7.27.1' ],
184 silly audit   '@babel/plugin-transform-template-literals': [ '7.27.1' ],
184 silly audit   '@babel/plugin-transform-typeof-symbol': [ '7.27.1' ],
184 silly audit   '@babel/plugin-transform-unicode-escapes': [ '7.27.1' ],
184 silly audit   '@babel/plugin-transform-unicode-property-regex': [ '7.27.1' ],
184 silly audit   '@babel/plugin-transform-unicode-regex': [ '7.27.1' ],
184 silly audit   '@babel/plugin-transform-unicode-sets-regex': [ '7.27.1' ],
184 silly audit   '@babel/preset-env': [ '7.27.2' ],
184 silly audit   '@babel/preset-modules': [ '0.1.6-no-external-plugins' ],
184 silly audit   '@babel/runtime': [ '7.27.6' ],
184 silly audit   '@babel/template': [ '7.27.2' ],
184 silly audit   '@babel/traverse': [ '7.27.4' ],
184 silly audit   '@babel/types': [ '7.27.3' ],
184 silly audit   '@bufbuild/protobuf': [ '2.10.1' ],
184 silly audit   '@ducanh2912/next-pwa': [ '10.2.9' ],
184 silly audit   '@apideck/better-ajv-errors': [ '0.3.6' ],
184 silly audit   '@rollup/plugin-node-resolve': [ '15.3.1', '11.2.1' ],
184 silly audit   '@rollup/pluginutils': [ '5.2.0', '3.1.0' ],
184 silly audit   '@types/resolve': [ '1.20.2', '1.17.1' ],
184 silly audit   ajv: [ '8.17.1', '6.12.6' ],
184 silly audit   'estree-walker': [ '2.0.2', '1.0.1' ],
184 silly audit   'fast-glob': [ '3.3.2', '3.3.1' ],
184 silly audit   'glob-parent': [ '5.1.2', '6.0.2' ],
184 silly audit   'json-schema-traverse': [ '1.0.0', '0.4.1' ],
184 silly audit   picomatch: [ '4.0.2', '2.3.1' ],
184 silly audit   'source-map': [ '0.8.0-beta.0', '0.6.1', '0.5.7' ],
184 silly audit   'webpack-sources': [ '1.4.3', '3.2.3' ],
184 silly audit   'workbox-background-sync': [ '7.1.0', '6.6.0' ],
184 silly audit   'workbox-broadcast-update': [ '7.1.0', '6.6.0' ],
184 silly audit   'workbox-build': [ '7.1.1', '7.1.0', '6.6.0' ],
184 silly audit   'workbox-cacheable-response': [ '7.1.0', '6.6.0' ],
184 silly audit   'workbox-core': [ '7.1.0', '6.6.0' ],
184 silly audit   'workbox-expiration': [ '7.1.0', '6.6.0' ],
184 silly audit   'workbox-google-analytics': [ '7.1.0', '6.6.0' ],
184 silly audit   'workbox-navigation-preload': [ '7.1.0', '6.6.0' ],
184 silly audit   'workbox-precaching': [ '7.1.0', '6.6.0' ],
184 silly audit   'workbox-range-requests': [ '7.1.0', '6.6.0' ],
184 silly audit   'workbox-recipes': [ '7.1.0', '6.6.0' ],
184 silly audit   'workbox-routing': [ '7.1.0', '6.6.0' ],
184 silly audit   'workbox-strategies': [ '7.1.0', '6.6.0' ],
184 silly audit   'workbox-streams': [ '7.1.0', '6.6.0' ],
184 silly audit   'workbox-sw': [ '7.1.0', '6.6.0' ],
184 silly audit   'workbox-webpack-plugin': [ '7.1.0', '6.6.0' ],
184 silly audit   'workbox-window': [ '7.1.0', '6.6.0' ],
184 silly audit   '@emnapi/runtime': [ '1.4.3' ],
184 silly audit   '@emotion/babel-plugin': [ '11.13.5' ],
184 silly audit   '@emotion/cache': [ '11.14.0' ],
184 silly audit   '@emotion/hash': [ '0.9.2' ],
184 silly audit   '@emotion/is-prop-valid': [ '1.3.1' ],
184 silly audit   '@emotion/memoize': [ '0.9.0' ],
184 silly audit   '@emotion/react': [ '11.14.0' ],
184 silly audit   '@emotion/serialize': [ '1.3.3' ],
184 silly audit   '@emotion/sheet': [ '1.4.0' ],
184 silly audit   '@emotion/styled': [ '11.14.0' ],
184 silly audit   '@emotion/unitless': [ '0.10.0' ],
184 silly audit   '@emotion/use-insertion-effect-with-fallbacks': [ '1.2.0' ],
184 silly audit   '@emotion/utils': [ '1.4.2' ],
184 silly audit   '@emotion/weak-memoize': [ '0.4.0' ],
184 silly audit   '@eslint-community/eslint-utils': [ '4.4.1' ],
184 silly audit   '@eslint-community/regexpp': [ '4.12.1' ],
184 silly audit   '@eslint/eslintrc': [ '2.1.4' ],
184 silly audit   globals: [ '13.24.0', '11.12.0' ],
184 silly audit   '@eslint/js': [ '8.57.1' ],
184 silly audit   '@grpc/grpc-js': [ '1.14.1' ],
184 silly audit   '@grpc/proto-loader': [ '0.8.0' ],
184 silly audit   cliui: [ '8.0.1', '6.0.0' ],
184 silly audit   'emoji-regex': [ '8.0.0', '9.2.2' ],
184 silly audit   'string-width': [ '4.2.3', '5.1.2' ],
184 silly audit   'wrap-ansi': [ '7.0.0', '6.2.0', '8.1.0' ],
184 silly audit   y18n: [ '5.0.8', '4.0.3' ],
184 silly audit   yargs: [ '17.7.2', '15.4.1' ],
184 silly audit   'yargs-parser': [ '21.1.1', '18.1.3' ],
184 silly audit   '@headlessui/react': [ '2.2.0' ],
184 silly audit   '@humanwhocodes/config-array': [ '0.13.0' ],
184 silly audit   '@humanwhocodes/module-importer': [ '1.0.1' ],
184 silly audit   '@humanwhocodes/object-schema': [ '2.0.3' ],
184 silly audit   '@img/sharp-darwin-arm64': [ '0.34.2' ],
184 silly audit   '@img/sharp-darwin-x64': [ '0.34.2' ],
184 silly audit   '@img/sharp-libvips-darwin-arm64': [ '1.1.0' ],
184 silly audit   '@img/sharp-libvips-darwin-x64': [ '1.1.0' ],
184 silly audit   '@img/sharp-libvips-linux-arm': [ '1.1.0' ],
184 silly audit   '@img/sharp-libvips-linux-arm64': [ '1.1.0' ],
184 silly audit   '@img/sharp-libvips-linux-ppc64': [ '1.1.0' ],
184 silly audit   '@img/sharp-libvips-linux-s390x': [ '1.1.0' ],
184 silly audit   '@img/sharp-libvips-linux-x64': [ '1.1.0' ],
184 silly audit   '@img/sharp-libvips-linuxmusl-arm64': [ '1.1.0' ],
184 silly audit   '@img/sharp-libvips-linuxmusl-x64': [ '1.1.0' ],
184 silly audit   '@img/sharp-linux-arm': [ '0.34.2' ],
184 silly audit   '@img/sharp-linux-arm64': [ '0.34.2' ],
184 silly audit   '@img/sharp-linux-s390x': [ '0.34.2' ],
184 silly audit   '@img/sharp-linux-x64': [ '0.34.2' ],
184 silly audit   '@img/sharp-linuxmusl-arm64': [ '0.34.2' ],
184 silly audit   '@img/sharp-linuxmusl-x64': [ '0.34.2' ],
184 silly audit   '@img/sharp-wasm32': [ '0.34.2' ],
184 silly audit   '@img/sharp-win32-arm64': [ '0.34.2' ],
184 silly audit   '@img/sharp-win32-ia32': [ '0.34.2' ],
184 silly audit   '@img/sharp-win32-x64': [ '0.34.2' ],
184 silly audit   '@inngest/ai': [ '0.1.7' ],
184 silly audit   '@isaacs/cliui': [ '8.0.2' ],
184 silly audit   'ansi-regex': [ '6.1.0', '5.0.1', '4.1.1' ],
184 silly audit   'strip-ansi': [ '7.1.0', '5.2.0', '6.0.1' ],
184 silly audit   '@jpwilliams/waitgroup': [ '2.1.1' ],
184 silly audit   '@jridgewell/gen-mapping': [ '0.3.8' ],
184 silly audit   '@jridgewell/resolve-uri': [ '3.1.2' ],
184 silly audit   '@jridgewell/set-array': [ '1.2.1' ],
184 silly audit   '@jridgewell/source-map': [ '0.3.6' ],
184 silly audit   '@jridgewell/sourcemap-codec': [ '1.5.0' ],
184 silly audit   '@jridgewell/trace-mapping': [ '0.3.25' ],
184 silly audit   '@js-sdsl/ordered-map': [ '4.4.2' ],
184 silly audit   '@kurkle/color': [ '0.3.4' ],
184 silly audit   '@mui/core-downloads-tracker': [ '6.4.11' ],
184 silly audit   '@mui/icons-material': [ '6.3.0' ],
184 silly audit   '@mui/material': [ '6.4.11' ],
184 silly audit   '@mui/private-theming': [ '6.4.9' ],
184 silly audit   '@mui/styled-engine': [ '6.4.11' ],
184 silly audit   '@mui/system': [ '6.4.11' ],
184 silly audit   '@mui/types': [ '7.2.24' ],
184 silly audit   '@mui/utils': [ '6.4.9' ],
184 silly audit   '@next/env': [ '15.3.8' ],
184 silly audit   '@next/eslint-plugin-next': [ '15.3.8' ],
184 silly audit   '@next/swc-darwin-arm64': [ '15.3.5' ],
184 silly audit   '@next/swc-darwin-x64': [ '15.3.5' ],
184 silly audit   '@next/swc-linux-arm64-gnu': [ '15.3.5' ],
184 silly audit   '@next/swc-linux-arm64-musl': [ '15.3.5' ],
184 silly audit   '@next/swc-linux-x64-gnu': [ '15.3.5' ],
184 silly audit   '@next/swc-linux-x64-musl': [ '15.3.5' ],
184 silly audit   '@next/swc-win32-arm64-msvc': [ '15.3.5' ],
184 silly audit   '@next/swc-win32-x64-msvc': [ '15.3.5' ],
184 silly audit   '@nodelib/fs.scandir': [ '2.1.5' ],
184 silly audit   '@nodelib/fs.stat': [ '2.0.5' ],
184 silly audit   '@nodelib/fs.walk': [ '1.2.8' ],
184 silly audit   '@nolyfill/is-core-module': [ '1.0.39' ],
184 silly audit   '@opentelemetry/api': [ '1.9.0' ],
184 silly audit   '@opentelemetry/api-logs': [ '0.57.2', '0.207.0' ],
184 silly audit   '@opentelemetry/auto-instrumentations-node': [ '0.66.0' ],
184 silly audit   '@opentelemetry/core': [ '2.2.0', '1.30.1' ],
184 silly audit   '@opentelemetry/instrumentation': [ '0.207.0', '0.57.2' ],
184 silly audit   '@opentelemetry/resources': [ '2.2.0', '1.30.1' ],
184 silly audit   '@opentelemetry/semantic-conventions': [ '1.38.0', '1.28.0' ],
184 silly audit   'import-in-the-middle': [ '2.0.0', '1.15.0' ],
184 silly audit   'require-in-the-middle': [ '8.0.1', '7.5.2' ],
184 silly audit   '@opentelemetry/context-async-hooks': [ '1.30.1', '2.2.0' ],
184 silly audit   '@opentelemetry/exporter-logs-otlp-grpc': [ '0.207.0' ],
184 silly audit   '@opentelemetry/otlp-exporter-base': [ '0.207.0', '0.57.2' ],
184 silly audit   '@opentelemetry/otlp-transformer': [ '0.207.0', '0.57.2' ],
184 silly audit   '@opentelemetry/sdk-logs': [ '0.207.0', '0.57.2' ],
184 silly audit   '@opentelemetry/sdk-metrics': [ '2.2.0', '1.30.1' ],
184 silly audit   '@opentelemetry/sdk-trace-base': [ '2.2.0', '1.30.1' ],
184 silly audit   '@opentelemetry/exporter-logs-otlp-http': [ '0.207.0' ],
184 silly audit   '@opentelemetry/exporter-logs-otlp-proto': [ '0.207.0' ],
184 silly audit   '@opentelemetry/exporter-metrics-otlp-grpc': [ '0.207.0' ],
184 silly audit   '@opentelemetry/exporter-metrics-otlp-http': [ '0.207.0' ],
184 silly audit   '@opentelemetry/exporter-metrics-otlp-proto': [ '0.207.0' ],
184 silly audit   '@opentelemetry/exporter-prometheus': [ '0.207.0' ],
184 silly audit   '@opentelemetry/exporter-trace-otlp-grpc': [ '0.207.0' ],
184 silly audit   '@opentelemetry/exporter-trace-otlp-http': [ '0.57.2', '0.207.0' ],
184 silly audit   '@opentelemetry/exporter-trace-otlp-proto': [ '0.207.0' ],
184 silly audit   '@opentelemetry/exporter-zipkin': [ '2.2.0' ],
184 silly audit   '@opentelemetry/instrumentation-amqplib': [ '0.54.0' ],
184 silly audit   '@opentelemetry/instrumentation-aws-lambda': [ '0.59.0' ],
184 silly audit   '@opentelemetry/instrumentation-aws-sdk': [ '0.63.0' ],
184 silly audit   '@opentelemetry/instrumentation-bunyan': [ '0.53.0' ],
184 silly audit   '@opentelemetry/instrumentation-cassandra-driver': [ '0.53.0' ],
184 silly audit   '@opentelemetry/instrumentation-connect': [ '0.51.0' ],
184 silly audit   '@opentelemetry/instrumentation-cucumber': [ '0.23.0' ],
184 silly audit   '@opentelemetry/instrumentation-dataloader': [ '0.25.0' ],
184 silly audit   '@opentelemetry/instrumentation-dns': [ '0.51.0' ],
184 silly audit   '@opentelemetry/instrumentation-express': [ '0.56.0' ],
184 silly audit   '@opentelemetry/instrumentation-fastify': [ '0.52.0' ],
184 silly audit   '@opentelemetry/instrumentation-fs': [ '0.27.0' ],
184 silly audit   '@opentelemetry/instrumentation-generic-pool': [ '0.51.0' ],
184 silly audit   '@opentelemetry/instrumentation-graphql': [ '0.55.0' ],
184 silly audit   '@opentelemetry/instrumentation-grpc': [ '0.207.0' ],
184 silly audit   '@opentelemetry/instrumentation-hapi': [ '0.54.0' ],
184 silly audit   '@opentelemetry/instrumentation-http': [ '0.207.0' ],
184 silly audit   '@opentelemetry/instrumentation-ioredis': [ '0.55.0' ],
184 silly audit   '@opentelemetry/instrumentation-kafkajs': [ '0.17.0' ],
184 silly audit   '@opentelemetry/instrumentation-knex': [ '0.52.0' ],
184 silly audit   '@opentelemetry/instrumentation-koa': [ '0.56.0' ],
184 silly audit   '@opentelemetry/instrumentation-lru-memoizer': [ '0.52.0' ],
184 silly audit   '@opentelemetry/instrumentation-memcached': [ '0.51.0' ],
184 silly audit   '@opentelemetry/instrumentation-mongodb': [ '0.60.0' ],
184 silly audit   '@opentelemetry/instrumentation-mongoose': [ '0.54.0' ],
184 silly audit   '@opentelemetry/instrumentation-mysql': [ '0.53.0' ],
184 silly audit   '@opentelemetry/instrumentation-mysql2': [ '0.54.0' ],
184 silly audit   '@opentelemetry/instrumentation-nestjs-core': [ '0.54.0' ],
184 silly audit   '@opentelemetry/instrumentation-net': [ '0.51.0' ],
184 silly audit   '@opentelemetry/instrumentation-openai': [ '0.5.0' ],
184 silly audit   '@opentelemetry/instrumentation-oracledb': [ '0.33.0' ],
184 silly audit   '@opentelemetry/instrumentation-pg': [ '0.60.0' ],
184 silly audit   '@opentelemetry/instrumentation-pino': [ '0.54.0' ],
184 silly audit   '@opentelemetry/instrumentation-redis': [ '0.56.0' ],
184 silly audit   '@opentelemetry/instrumentation-restify': [ '0.53.0' ],
184 silly audit   '@opentelemetry/instrumentation-router': [ '0.52.0' ],
184 silly audit   '@opentelemetry/instrumentation-runtime-node': [ '0.21.0' ],
184 silly audit   '@opentelemetry/instrumentation-socket.io': [ '0.54.0' ],
184 silly audit   '@opentelemetry/instrumentation-tedious': [ '0.26.0' ],
184 silly audit   '@opentelemetry/instrumentation-undici': [ '0.18.0' ],
184 silly audit   '@opentelemetry/instrumentation-winston': [ '0.52.0' ],
184 silly audit   '@opentelemetry/otlp-grpc-exporter-base': [ '0.207.0' ],
184 silly audit   '@opentelemetry/propagator-b3': [ '2.2.0' ],
184 silly audit   '@opentelemetry/propagator-jaeger': [ '2.2.0' ],
184 silly audit   '@opentelemetry/redis-common': [ '0.38.2' ],
184 silly audit   '@opentelemetry/resource-detector-alibaba-cloud': [ '0.31.11' ],
184 silly audit   '@opentelemetry/resource-detector-aws': [ '2.8.0' ],
184 silly audit   '@opentelemetry/resource-detector-azure': [ '0.15.0' ],
184 silly audit   '@opentelemetry/resource-detector-container': [ '0.7.11' ],
184 silly audit   '@opentelemetry/resource-detector-gcp': [ '0.42.0' ],
184 silly audit   '@opentelemetry/sdk-node': [ '0.207.0' ],
184 silly audit   '@opentelemetry/sdk-trace-node': [ '2.2.0' ],
184 silly audit   '@opentelemetry/sql-common': [ '0.41.2' ],
184 silly audit   '@pkgjs/parseargs': [ '0.11.0' ],
184 silly audit   '@popperjs/core': [ '2.11.8' ],
184 silly audit   '@protobufjs/aspromise': [ '1.1.2' ],
184 silly audit   '@protobufjs/base64': [ '1.1.2' ],
184 silly audit   '@protobufjs/codegen': [ '2.0.4' ],
184 silly audit   '@protobufjs/eventemitter': [ '1.1.0' ],
184 silly audit   '@protobufjs/fetch': [ '1.1.0' ],
184 silly audit   '@protobufjs/float': [ '1.0.2' ],
184 silly audit   '@protobufjs/inquire': [ '1.1.0' ],
184 silly audit   '@protobufjs/path': [ '1.1.2' ],
184 silly audit   '@protobufjs/pool': [ '1.1.0' ],
184 silly audit   '@protobufjs/utf8': [ '1.1.0' ],
184 silly audit   '@react-aria/focus': [ '3.19.0' ],
184 silly audit   '@react-aria/interactions': [ '3.22.5' ],
184 silly audit   '@react-aria/ssr': [ '3.9.7' ],
184 silly audit   '@react-aria/utils': [ '3.26.0' ],
184 silly audit   '@react-stately/utils': [ '3.10.5' ],
184 silly audit   '@react-types/shared': [ '3.26.0' ],
184 silly audit   '@remix-run/router': [ '1.21.0' ],
184 silly audit   '@rollup/plugin-babel': [ '5.3.1' ],
184 silly audit   '@rollup/plugin-replace': [ '2.4.2' ],
184 silly audit   '@rollup/plugin-terser': [ '0.4.4' ],
184 silly audit   '@types/estree': [ '0.0.39', '1.0.6' ],
184 silly audit   '@rtsao/scc': [ '1.1.0' ],
184 silly audit   '@rushstack/eslint-patch': [ '1.10.4' ],
184 silly audit   '@smithy/abort-controller': [ '4.2.4' ],
184 silly audit   '@smithy/config-resolver': [ '4.4.1' ],
184 silly audit   '@smithy/core': [ '3.17.2' ],
184 silly audit   '@smithy/credential-provider-imds': [ '4.2.4' ],
184 silly audit   '@smithy/fetch-http-handler': [ '5.3.5' ],
184 silly audit   '@smithy/hash-node': [ '4.2.4' ],
184 silly audit   '@smithy/invalid-dependency': [ '4.2.4' ],
184 silly audit   '@smithy/middleware-content-length': [ '4.2.4' ],
184 silly audit   '@smithy/middleware-endpoint': [ '4.3.6' ],
184 silly audit   '@smithy/middleware-retry': [ '4.4.6' ],
184 silly audit   '@smithy/middleware-serde': [ '4.2.4' ],
184 silly audit   '@smithy/middleware-stack': [ '4.2.4' ],
184 silly audit   '@smithy/node-config-provider': [ '4.3.4' ],
184 silly audit   '@smithy/node-http-handler': [ '4.4.4' ],
184 silly audit   '@smithy/property-provider': [ '4.2.4' ],
184 silly audit   '@smithy/protocol-http': [ '5.3.4' ],
184 silly audit   '@smithy/querystring-builder': [ '4.2.4' ],
184 silly audit   '@smithy/querystring-parser': [ '4.2.4' ],
184 silly audit   '@smithy/service-error-classification': [ '4.2.4' ],
184 silly audit   '@smithy/shared-ini-file-loader': [ '4.3.4' ],
184 silly audit   '@smithy/signature-v4': [ '5.3.4' ],
184 silly audit   '@smithy/smithy-client': [ '4.9.2' ],
184 silly audit   '@smithy/types': [ '4.8.1' ],
184 silly audit   '@smithy/url-parser': [ '4.2.4' ],
184 silly audit   '@smithy/util-base64': [ '4.3.0' ],
184 silly audit   '@smithy/util-body-length-browser': [ '4.2.0' ],
184 silly audit   '@smithy/util-body-length-node': [ '4.2.1' ],
184 silly audit   '@smithy/util-config-provider': [ '4.2.0' ],
184 silly audit   '@smithy/util-defaults-mode-browser': [ '4.3.5' ],
184 silly audit   '@smithy/util-defaults-mode-node': [ '4.2.7' ],
184 silly audit   '@smithy/util-endpoints': [ '3.2.4' ],
184 silly audit   '@smithy/util-hex-encoding': [ '4.2.0' ],
184 silly audit   '@smithy/util-middleware': [ '4.2.4' ],
184 silly audit   '@smithy/util-retry': [ '4.2.4' ],
184 silly audit   '@smithy/util-stream': [ '4.5.5' ],
184 silly audit   '@smithy/util-uri-escape': [ '4.2.0' ],
184 silly audit   '@smithy/uuid': [ '1.1.0' ],
184 silly audit   '@standard-schema/spec': [ '1.0.0' ],
184 silly audit   '@supabase/auth-js': [ '2.78.0' ],
184 silly audit   '@supabase/functions-js': [ '2.78.0' ],
184 silly audit   '@supabase/node-fetch': [ '2.6.15' ],
184 silly audit   tr46: [ '0.0.3', '1.0.1' ],
184 silly audit   'webidl-conversions': [ '3.0.1', '4.0.2' ],
184 silly audit   'whatwg-url': [ '5.0.0', '7.1.0' ],
184 silly audit   '@supabase/postgrest-js': [ '2.78.0' ],
184 silly audit   '@supabase/realtime-js': [ '2.78.0' ],
184 silly audit   '@supabase/storage-js': [ '2.78.0' ],
184 silly audit   '@supabase/supabase-js': [ '2.78.0' ],
184 silly audit   '@surma/rollup-plugin-off-main-thread': [ '2.2.3' ],
184 silly audit   '@swc/counter': [ '0.1.3' ],
184 silly audit   '@swc/helpers': [ '0.5.15' ],
184 silly audit   '@tanstack/query-core': [ '5.80.7' ],
184 silly audit   '@tanstack/react-query': [ '5.80.7' ],
184 silly audit   '@types/aws-lambda': [ '8.10.155' ],
184 silly audit   '@types/bunyan': [ '1.8.11' ],
184 silly audit   '@types/connect': [ '3.4.38' ],
184 silly audit   '@types/debug': [ '4.1.12' ],
184 silly audit   '@types/eslint': [ '9.6.1' ],
184 silly audit   '@types/eslint-scope': [ '3.7.7' ],
184 silly audit   '@types/glob': [ '7.2.0' ],
184 silly audit   '@types/json-schema': [ '7.0.15' ],
184 silly audit   '@types/json5': [ '0.0.29' ],
184 silly audit   '@types/memcached': [ '2.2.10' ],
184 silly audit   '@types/minimatch': [ '5.1.2' ],
184 silly audit   '@types/ms': [ '2.1.0' ],
184 silly audit   '@types/mysql': [ '2.15.27' ],
184 silly audit   '@types/node': [ '22.19.1' ],
184 silly audit   '@types/nodemailer': [ '7.0.3' ],
184 silly audit   '@types/oracledb': [ '6.5.2' ],
184 silly audit   '@types/parse-json': [ '4.0.2' ],
184 silly audit   '@types/pg': [ '8.15.5' ],
184 silly audit   '@types/pg-pool': [ '2.0.6' ],
184 silly audit   '@types/phoenix': [ '1.6.6' ],
184 silly audit   '@types/prop-types': [ '15.7.14' ],
184 silly audit   '@types/qrcode': [ '1.5.6' ],
184 silly audit   '@types/raf': [ '3.4.3' ],
184 silly audit   '@types/react': [ '18.3.18' ],
184 silly audit   '@types/react-calendar': [ '4.1.0' ],
184 silly audit   '@types/react-transition-group': [ '4.4.12' ],
184 silly audit   '@types/shimmer': [ '1.2.0' ],
184 silly audit   '@types/tedious': [ '4.0.14' ],
184 silly audit   '@types/trusted-types': [ '2.0.7' ],
184 silly audit   '@types/webpack': [ '5.28.5' ],
184 silly audit   '@types/ws': [ '8.18.1' ],
184 silly audit   '@typescript-eslint/eslint-plugin': [ '8.18.2' ],
184 silly audit   '@typescript-eslint/parser': [ '8.18.2' ],
184 silly audit   '@typescript-eslint/scope-manager': [ '8.18.2' ],
184 silly audit   '@typescript-eslint/type-utils': [ '8.18.2' ],
184 silly audit   '@typescript-eslint/types': [ '8.18.2' ],
184 silly audit   '@typescript-eslint/typescript-estree': [ '8.18.2' ],
184 silly audit   'brace-expansion': [ '2.0.2', '1.1.12' ],
184 silly audit   minimatch: [ '9.0.5', '5.1.6', '3.1.2' ],
184 silly audit   '@typescript-eslint/utils': [ '8.18.2' ],
184 silly audit   '@typescript-eslint/visitor-keys': [ '8.18.2' ],
184 silly audit   'eslint-visitor-keys': [ '4.2.0', '3.4.3' ],
184 silly audit   '@ungap/structured-clone': [ '1.2.1' ],
184 silly audit   '@vercel/analytics': [ '1.5.0' ],
184 silly audit   '@webassemblyjs/ast': [ '1.14.1' ],
184 silly audit   '@webassemblyjs/floating-point-hex-parser': [ '1.13.2' ],
184 silly audit   '@webassemblyjs/helper-api-error': [ '1.13.2' ],
184 silly audit   '@webassemblyjs/helper-buffer': [ '1.14.1' ],
184 silly audit   '@webassemblyjs/helper-numbers': [ '1.13.2' ],
184 silly audit   '@webassemblyjs/helper-wasm-bytecode': [ '1.13.2' ],
184 silly audit   '@webassemblyjs/helper-wasm-section': [ '1.14.1' ],
184 silly audit   '@webassemblyjs/ieee754': [ '1.13.2' ],
184 silly audit   '@webassemblyjs/leb128': [ '1.13.2' ],
184 silly audit   '@webassemblyjs/utf8': [ '1.13.2' ],
184 silly audit   '@webassemblyjs/wasm-edit': [ '1.14.1' ],
184 silly audit   '@webassemblyjs/wasm-gen': [ '1.14.1' ],
184 silly audit   '@webassemblyjs/wasm-opt': [ '1.14.1' ],
184 silly audit   '@webassemblyjs/wasm-parser': [ '1.14.1' ],
184 silly audit   '@webassemblyjs/wast-printer': [ '1.14.1' ],
184 silly audit   '@xtuc/ieee754': [ '1.2.0' ],
184 silly audit   '@xtuc/long': [ '4.2.2' ],
184 silly audit   acorn: [ '8.14.0' ],
184 silly audit   'acorn-import-attributes': [ '1.9.5' ],
184 silly audit   'acorn-jsx': [ '5.3.2' ],
184 silly audit   'agent-base': [ '7.1.4' ],
184 silly audit   'ajv-formats': [ '2.1.1' ],
184 silly audit   'ajv-keywords': [ '3.5.2', '5.1.0' ],
184 silly audit   'ansi-styles': [ '4.3.0', '6.2.1' ],
184 silly audit   'any-promise': [ '1.3.0' ],
184 silly audit   anymatch: [ '3.1.3' ],
184 silly audit   arg: [ '5.0.2' ],
184 silly audit   argparse: [ '2.0.1' ],
184 silly audit   'aria-query': [ '5.3.2' ],
184 silly audit   'array-buffer-byte-length': [ '1.0.2' ],
184 silly audit   'array-includes': [ '3.1.8' ],
184 silly audit   'array-union': [ '2.1.0', '1.0.2' ],
184 silly audit   'array-uniq': [ '1.0.3' ],
184 silly audit   'array.prototype.findlast': [ '1.2.5' ],
184 silly audit   'array.prototype.findlastindex': [ '1.2.5' ],
184 silly audit   'array.prototype.flat': [ '1.3.3' ],
184 silly audit   'array.prototype.flatmap': [ '1.3.3' ],
184 silly audit   'array.prototype.tosorted': [ '1.1.4' ],
184 silly audit   'arraybuffer.prototype.slice': [ '1.0.4' ],
184 silly audit   'ast-types-flow': [ '0.0.8' ],
184 silly audit   async: [ '3.2.6' ],
184 silly audit   asynckit: [ '0.4.0' ],
184 silly audit   'at-least-node': [ '1.0.0' ],
184 silly audit   atob: [ '2.1.2' ],
184 silly audit   'available-typed-arrays': [ '1.0.7' ],
184 silly audit   'axe-core': [ '4.10.2' ],
184 silly audit   axios: [ '1.10.0' ],
184 silly audit   'axobject-query': [ '4.1.0' ],
184 silly audit   'babel-loader': [ '8.4.1' ],
184 silly audit   'schema-utils': [ '2.7.1', '3.3.0', '4.3.0' ],
184 silly audit   'babel-plugin-macros': [ '3.1.0' ],
184 silly audit   'babel-plugin-polyfill-corejs2': [ '0.4.13' ],
184 silly audit   'babel-plugin-polyfill-corejs3': [ '0.11.1' ],
184 silly audit   'babel-plugin-polyfill-regenerator': [ '0.6.4' ],
184 silly audit   'balanced-match': [ '1.0.2' ],
184 silly audit   'base64-arraybuffer': [ '1.0.2' ],
184 silly audit   'big.js': [ '5.2.2' ],
184 silly audit   'bignumber.js': [ '9.3.1' ],
184 silly audit   'binary-extensions': [ '2.3.0' ],
184 silly audit   bowser: [ '2.12.1' ],
184 silly audit   braces: [ '3.0.3' ],
184 silly audit   browserslist: [ '4.25.0' ],
184 silly audit   btoa: [ '1.2.1' ],
184 silly audit   'buffer-from': [ '1.1.2' ],
184 silly audit   'builtin-modules': [ '3.3.0' ],
184 silly audit   busboy: [ '1.6.0' ],
184 silly audit   'call-bind': [ '1.0.8' ],
184 silly audit   'call-bind-apply-helpers': [ '1.0.1' ],
184 silly audit   'call-bound': [ '1.0.3' ],
184 silly audit   callsites: [ '3.1.0' ],
184 silly audit   camelcase: [ '5.3.1' ],
184 silly audit   'camelcase-css': [ '2.0.1' ],
184 silly audit   'caniuse-lite': [ '1.0.30001721' ],
184 silly audit   canonicalize: [ '1.0.8' ],
184 silly audit   canvg: [ '3.0.11' ],
184 silly audit   chalk: [ '4.1.2' ],
184 silly audit   'chart.js': [ '4.4.7' ],
184 silly audit   chokidar: [ '3.6.0' ],
184 silly audit   'chrome-trace-event': [ '1.0.4' ],
184 silly audit   'cjs-module-lexer': [ '1.4.3' ],
184 silly audit   'clean-webpack-plugin': [ '4.0.0' ],
184 silly audit   'client-only': [ '0.0.1' ],
184 silly audit   clsx: [ '2.1.1' ],
184 silly audit   color: [ '4.2.3' ],
184 silly audit   'color-convert': [ '2.0.1' ],
184 silly audit   'color-name': [ '1.1.4' ],
184 silly audit   'color-string': [ '1.9.1' ],
184 silly audit   'combined-stream': [ '1.0.8' ],
184 silly audit   commander: [ '4.1.1', '2.20.3' ],
184 silly audit   'common-tags': [ '1.8.2' ],
184 silly audit   commondir: [ '1.0.1' ],
184 silly audit   'concat-map': [ '0.0.1' ],
184 silly audit   'core-js': [ '3.43.0' ],
184 silly audit   'core-js-compat': [ '3.42.0' ],
184 silly audit   cosmiconfig: [ '7.1.0' ],
184 silly audit   'cross-fetch': [ '4.1.0' ],
184 silly audit   'cross-spawn': [ '7.0.6' ],
184 silly audit   'crypto-random-string': [ '2.0.0' ],
184 silly audit   'css-line-break': [ '2.1.0' ],
184 silly audit   cssesc: [ '3.0.0' ],
184 silly audit   csstype: [ '3.1.3' ],
184 silly audit   'damerau-levenshtein': [ '1.0.8' ],
184 silly audit   'data-view-buffer': [ '1.0.2' ],
184 silly audit   'data-view-byte-length': [ '1.0.2' ],
184 silly audit   'data-view-byte-offset': [ '1.0.1' ],
184 silly audit   'date-fns': [ '4.1.0' ],
184 silly audit   debug: [ '4.4.0', '3.2.7' ],
184 silly audit   decamelize: [ '1.2.0' ],
184 silly audit   'deep-is': [ '0.1.4' ],
184 silly audit   deepmerge: [ '4.3.1' ],
184 silly audit   'define-data-property': [ '1.1.4' ],
184 silly audit   'define-properties': [ '1.2.1' ],
184 silly audit   del: [ '4.1.1' ],
184 silly audit   globby: [ '6.1.0', '11.1.0' ],
184 silly audit   pify: [ '2.3.0', '4.0.1' ],
184 silly audit   rimraf: [ '2.7.1', '3.0.2' ],
184 silly audit   'delayed-stream': [ '1.0.0' ],
184 silly audit   'detect-libc': [ '2.0.4' ],
184 silly audit   didyoumean: [ '1.2.2' ],
184 silly audit   dijkstrajs: [ '1.0.3' ],
184 silly audit   'dir-glob': [ '3.0.1' ],
184 silly audit   dlv: [ '1.1.3' ],
184 silly audit   doctrine: [ '3.0.0', '2.1.0' ],
184 silly audit   dompurify: [ '3.2.6' ],
184 silly audit   'dunder-proto': [ '1.0.1' ],
184 silly audit   eastasianwidth: [ '0.2.0' ],
184 silly audit   ejs: [ '3.1.10' ],
184 silly audit   'electron-to-chromium': [ '1.5.165' ],
184 silly audit   'emojis-list': [ '3.0.0' ],
184 silly audit   'enhanced-resolve': [ '5.18.0' ],
184 silly audit   'error-ex': [ '1.3.2' ],
184 silly audit   'es-abstract': [ '1.23.7' ],
184 silly audit   'es-define-property': [ '1.0.1' ],
184 silly audit   'es-errors': [ '1.3.0' ],
184 silly audit   'es-iterator-helpers': [ '1.2.1' ],
184 silly audit   'es-module-lexer': [ '1.6.0' ],
184 silly audit   'es-object-atoms': [ '1.0.0' ],
184 silly audit   'es-set-tostringtag': [ '2.0.3' ],
184 silly audit   'es-shim-unscopables': [ '1.0.2' ],
184 silly audit   'es-to-primitive': [ '1.3.0' ],
184 silly audit   escalade: [ '3.2.0' ],
184 silly audit   'escape-string-regexp': [ '4.0.0' ],
184 silly audit   eslint: [ '8.57.1' ],
184 silly audit   'eslint-config-next': [ '15.3.8' ],
184 silly audit   'eslint-import-resolver-node': [ '0.3.9' ],
184 silly audit   'eslint-import-resolver-typescript': [ '3.7.0' ],
184 silly audit   'eslint-module-utils': [ '2.12.0' ],
184 silly audit   'eslint-plugin-import': [ '2.31.0' ],
184 silly audit   'eslint-plugin-jsx-a11y': [ '6.10.2' ],
184 silly audit   'eslint-plugin-react': [ '7.37.3' ],
184 silly audit   'eslint-plugin-react-hooks': [ '5.1.0' ],
184 silly audit   resolve: [ '2.0.0-next.5', '1.22.10' ],
184 silly audit   'eslint-scope': [ '7.2.2', '5.1.1' ],
184 silly audit   espree: [ '9.6.1' ],
184 silly audit   esquery: [ '1.6.0' ],
184 silly audit   esrecurse: [ '4.3.0' ],
184 silly audit   estraverse: [ '5.3.0', '4.3.0' ],
184 silly audit   esutils: [ '2.0.3' ],
184 silly audit   events: [ '3.3.0' ],
184 silly audit   extend: [ '3.0.2' ],
184 silly audit   'fast-deep-equal': [ '3.1.3' ],
184 silly audit   'fast-json-stable-stringify': [ '2.1.0' ],
184 silly audit   'fast-levenshtein': [ '2.0.6' ],
184 silly audit   'fast-uri': [ '3.0.3' ],
184 silly audit   'fast-xml-parser': [ '5.2.5' ],
184 silly audit   fastq: [ '1.18.0' ],
184 silly audit   fflate: [ '0.8.2' ],
184 silly audit   'file-entry-cache': [ '6.0.1' ],
184 silly audit   filelist: [ '1.0.4' ],
184 silly audit   'fill-range': [ '7.1.1' ],
184 silly audit   'find-cache-dir': [ '3.3.2' ],
184 silly audit   'find-root': [ '1.1.0' ],
184 silly audit   'find-up': [ '5.0.0', '4.1.0' ],
184 silly audit   'flat-cache': [ '3.2.0' ],
184 silly audit   flatted: [ '3.3.2' ],
184 silly audit   'follow-redirects': [ '1.15.9' ],
184 silly audit   'for-each': [ '0.3.3' ],
184 silly audit   'foreground-child': [ '3.3.0' ],
184 silly audit   'form-data': [ '4.0.1' ],
184 silly audit   'forwarded-parse': [ '2.1.2' ],
184 silly audit   'framer-motion': [ '11.15.0' ],
184 silly audit   'fs-extra': [ '9.1.0' ],
184 silly audit   'fs.realpath': [ '1.0.0' ],
184 silly audit   fsevents: [ '2.3.3' ],
184 silly audit   'function-bind': [ '1.1.2' ],
184 silly audit   'function.prototype.name': [ '1.1.8' ],
184 silly audit   'functions-have-names': [ '1.2.3' ],
184 silly audit   gaxios: [ '6.7.1' ],
184 silly audit   'gcp-metadata': [ '6.1.1' ],
184 silly audit   gensync: [ '1.0.0-beta.2' ],
184 silly audit   'get-caller-file': [ '2.0.5' ],
184 silly audit   'get-intrinsic': [ '1.2.6' ],
184 silly audit   'get-own-enumerable-property-symbols': [ '3.0.2' ],
184 silly audit   'get-symbol-description': [ '1.1.0' ],
184 silly audit   'get-tsconfig': [ '4.8.1' ],
184 silly audit   glob: [ '7.2.3', '10.4.5' ],
184 silly audit   'glob-to-regexp': [ '0.4.1' ],
184 silly audit   globalthis: [ '1.0.4' ],
184 silly audit   'google-logging-utils': [ '0.0.2' ],
184 silly audit   gopd: [ '1.2.0' ],
184 silly audit   'graceful-fs': [ '4.2.11' ],
184 silly audit   graphemer: [ '1.4.0' ],
184 silly audit   gsap: [ '3.12.5' ],
184 silly audit   'has-bigints': [ '1.1.0' ],
184 silly audit   'has-flag': [ '4.0.0' ],
184 silly audit   'has-property-descriptors': [ '1.0.2' ],
184 silly audit   'has-proto': [ '1.2.0' ],
184 silly audit   'has-symbols': [ '1.1.0' ],
184 silly audit   'has-tostringtag': [ '1.0.2' ],
184 silly audit   'hash.js': [ '1.1.7' ],
184 silly audit   hasown: [ '2.0.2' ],
184 silly audit   'hoist-non-react-statics': [ '3.3.2' ],
184 silly audit   'react-is': [ '16.13.1', '19.1.0' ],
184 silly audit   html2canvas: [ '1.4.1' ],
184 silly audit   'https-proxy-agent': [ '7.0.6' ],
184 silly audit   idb: [ '7.1.1' ],
184 silly audit   ignore: [ '5.3.2' ],
184 silly audit   'import-fresh': [ '3.3.0' ],
184 silly audit   imurmurhash: [ '0.1.4' ],
184 silly audit   inflight: [ '1.0.6' ],
184 silly audit   inherits: [ '2.0.4' ],
184 silly audit   inngest: [ '3.45.1' ],
184 silly audit   'internal-slot': [ '1.1.0' ],
184 silly audit   'is-array-buffer': [ '3.0.5' ],
184 silly audit   'is-arrayish': [ '0.2.1', '0.3.2' ],
184 silly audit   'is-async-function': [ '2.0.0' ],
184 silly audit   'is-bigint': [ '1.1.0' ],
184 silly audit   'is-binary-path': [ '2.1.0' ],
184 silly audit   'is-boolean-object': [ '1.2.1' ],
184 silly audit   'is-bun-module': [ '1.3.0' ],
184 silly audit   'is-callable': [ '1.2.7' ],
184 silly audit   'is-core-module': [ '2.16.1' ],
184 silly audit   'is-data-view': [ '1.0.2' ],
184 silly audit   'is-date-object': [ '1.1.0' ],
184 silly audit   'is-extglob': [ '2.1.1' ],
184 silly audit   'is-finalizationregistry': [ '1.1.1' ],
184 silly audit   'is-fullwidth-code-point': [ '3.0.0' ],
184 silly audit   'is-generator-function': [ '1.0.10' ],
184 silly audit   'is-glob': [ '4.0.3' ],
184 silly audit   'is-map': [ '2.0.3' ],
184 silly audit   'is-module': [ '1.0.0' ],
184 silly audit   'is-number': [ '7.0.0' ],
184 silly audit   'is-number-object': [ '1.1.1' ],
184 silly audit   'is-obj': [ '1.0.1' ],
184 silly audit   'is-path-cwd': [ '2.2.0' ],
184 silly audit   'is-path-in-cwd': [ '2.1.0' ],
184 silly audit   'is-path-inside': [ '2.1.0', '3.0.3' ],
184 silly audit   'is-regex': [ '1.2.1' ],
184 silly audit   'is-regexp': [ '1.0.0' ],
184 silly audit   'is-set': [ '2.0.3' ],
184 silly audit   'is-shared-array-buffer': [ '1.0.4' ],
184 silly audit   'is-stream': [ '2.0.1' ],
184 silly audit   'is-string': [ '1.1.1' ],
184 silly audit   'is-symbol': [ '1.1.1' ],
184 silly audit   'is-typed-array': [ '1.1.15' ],
184 silly audit   'is-weakmap': [ '2.0.2' ],
184 silly audit   'is-weakref': [ '1.1.0' ],
184 silly audit   'is-weakset': [ '2.0.4' ],
184 silly audit   isarray: [ '2.0.5' ],
184 silly audit   isexe: [ '2.0.0' ],
184 silly audit   'iterator.prototype': [ '1.1.4' ],
184 silly audit   jackspeak: [ '3.4.3' ],
184 silly audit   jake: [ '10.9.2' ],
184 silly audit   'jest-worker': [ '27.5.1', '26.6.2' ],
184 silly audit   'supports-color': [ '8.1.1', '7.2.0' ],
184 silly audit   jiti: [ '1.21.7' ],
184 silly audit   'js-tokens': [ '4.0.0' ],
184 silly audit   'js-yaml': [ '4.1.0' ],
184 silly audit   jsesc: [ '3.1.0', '3.0.2' ],
184 silly audit   'json-bigint': [ '1.0.0' ],
184 silly audit   'json-buffer': [ '3.0.1' ],
184 silly audit   'json-parse-even-better-errors': [ '2.3.1' ],
184 silly audit   'json-schema': [ '0.4.0' ],
184 silly audit   'json-stable-stringify-without-jsonify': [ '1.0.1' ],
184 silly audit   'json-stringify-safe': [ '5.0.1' ],
184 silly audit   jsonfile: [ '6.1.0' ],
184 silly audit   jsonpointer: [ '5.0.1' ],
184 silly audit   jspdf: [ '3.0.1' ],
184 silly audit   'jsx-ast-utils': [ '3.3.5' ],
184 silly audit   keyv: [ '4.5.4' ],
184 silly audit   'language-subtag-registry': [ '0.3.23' ],
184 silly audit   'language-tags': [ '1.0.9' ],
184 silly audit   leven: [ '3.1.0' ],
184 silly audit   levn: [ '0.4.1' ],
184 silly audit   lilconfig: [ '3.1.3' ],
184 silly audit   'lines-and-columns': [ '1.2.4' ],
184 silly audit   'loader-runner': [ '4.3.0' ],
184 silly audit   'loader-utils': [ '2.0.4' ],
184 silly audit   'locate-path': [ '6.0.0', '5.0.0' ],
184 silly audit   lodash: [ '4.17.21' ],
184 silly audit   'lodash.camelcase': [ '4.3.0' ],
184 silly audit   'lodash.debounce': [ '4.0.8' ],
184 silly audit   'lodash.merge': [ '4.6.2' ],
184 silly audit   'lodash.sortby': [ '4.7.0' ],
184 silly audit   long: [ '5.3.2' ],
184 silly audit   'loose-envify': [ '1.4.0' ],
184 silly audit   'lucide-react': [ '0.468.0' ],
184 silly audit   'magic-string': [ '0.25.9' ],
184 silly audit   'make-dir': [ '3.1.0' ],
184 silly audit   'math-intrinsics': [ '1.1.0' ],
184 silly audit   'merge-stream': [ '2.0.0' ],
184 silly audit   merge2: [ '1.4.1' ],
184 silly audit   micromatch: [ '4.0.8' ],
184 silly audit   'mime-db': [ '1.52.0' ],
184 silly audit   'mime-types': [ '2.1.35' ],
184 silly audit   'minimalistic-assert': [ '1.0.1' ],
184 silly audit   minimist: [ '1.2.8' ],
184 silly audit   minipass: [ '7.1.2' ],
184 silly audit   'module-details-from-path': [ '1.0.4' ],
184 silly audit   'motion-dom': [ '11.14.3' ],
184 silly audit   'motion-utils': [ '11.14.3' ],
184 silly audit   ms: [ '2.1.3' ],
184 silly audit   mz: [ '2.7.0' ],
184 silly audit   nanoid: [ '3.3.8' ],
184 silly audit   'natural-compare': [ '1.4.0' ],
184 silly audit   'neo-async': [ '2.6.2' ],
184 silly audit   next: [ '15.3.8' ],
184 silly audit   'next-pwa': [ '5.6.0' ],
184 silly audit   postcss: [ '8.4.31', '8.4.49' ],
184 silly audit   'node-fetch': [ '2.7.0' ],
184 silly audit   'node-releases': [ '2.0.19' ],
184 silly audit   nodemailer: [ '7.0.10' ],
184 silly audit   'normalize-path': [ '3.0.0' ],
184 silly audit   notyf: [ '3.10.0' ],
184 silly audit   'object-assign': [ '4.1.1' ],
184 silly audit   'object-hash': [ '3.0.0' ],
184 silly audit   'object-inspect': [ '1.13.3' ],
184 silly audit   'object-keys': [ '1.1.1' ],
184 silly audit   'object.assign': [ '4.1.7' ],
184 silly audit   'object.entries': [ '1.1.8' ],
184 silly audit   'object.fromentries': [ '2.0.8' ],
184 silly audit   'object.groupby': [ '1.0.3' ],
184 silly audit   'object.values': [ '1.2.1' ],
184 silly audit   once: [ '1.4.0' ],
184 silly audit   optionator: [ '0.9.4' ],
184 silly audit   'p-limit': [ '3.1.0', '2.3.0' ],
184 silly audit   'p-locate': [ '5.0.0', '4.1.0' ],
184 silly audit   'p-map': [ '2.1.0' ],
184 silly audit   'p-try': [ '2.2.0' ],
184 silly audit   'package-json-from-dist': [ '1.0.1' ],
184 silly audit   'parent-module': [ '1.0.1' ],
184 silly audit   'parse-json': [ '5.2.0' ],
184 silly audit   'path-exists': [ '4.0.0' ],
184 silly audit   'path-is-absolute': [ '1.0.1' ],
184 silly audit   'path-is-inside': [ '1.0.2' ],
184 silly audit   'path-key': [ '3.1.1' ],
184 silly audit   'path-parse': [ '1.0.7' ],
184 silly audit   'path-scurry': [ '1.11.1' ],
184 silly audit   'path-type': [ '4.0.0' ],
184 silly audit   'performance-now': [ '2.1.0' ],
184 silly audit   'pg-int8': [ '1.0.1' ],
184 silly audit   'pg-protocol': [ '1.10.3' ],
184 silly audit   'pg-types': [ '2.2.0' ],
184 silly audit   picocolors: [ '1.1.1' ],
184 silly audit   pinkie: [ '2.0.4' ],
184 silly audit   'pinkie-promise': [ '2.0.1' ],
184 silly audit   pirates: [ '4.0.6' ],
184 silly audit   'pkg-dir': [ '4.2.0' ],
184 silly audit   pngjs: [ '5.0.0' ],
184 silly audit   'possible-typed-array-names': [ '1.0.0' ],
184 silly audit   'postcss-import': [ '15.1.0' ],
184 silly audit   'postcss-js': [ '4.0.1' ],
184 silly audit   'postcss-load-config': [ '4.0.2' ],
184 silly audit   yaml: [ '2.6.1', '1.10.2' ],
184 silly audit   'postcss-nested': [ '6.2.0' ],
184 silly audit   'postcss-selector-parser': [ '6.1.2' ],
184 silly audit   'postcss-value-parser': [ '4.2.0' ],
184 silly audit   'postgres-array': [ '2.0.0' ],
184 silly audit   'postgres-bytea': [ '1.0.0' ],
184 silly audit   'postgres-date': [ '1.0.7' ],
184 silly audit   'postgres-interval': [ '1.2.0' ],
184 silly audit   'prelude-ls': [ '1.2.1' ],
184 silly audit   'pretty-bytes': [ '5.6.0' ],
184 silly audit   'prop-types': [ '15.8.1' ],
184 silly audit   protobufjs: [ '7.5.4' ],
184 silly audit   'proxy-from-env': [ '1.1.0' ],
184 silly audit   punycode: [ '2.3.1' ],
184 silly audit   qrcode: [ '1.5.4' ],
184 silly audit   'qrcode.react': [ '4.2.0' ],
184 silly audit   'queue-microtask': [ '1.2.3' ],
184 silly audit   raf: [ '3.4.1' ],
184 silly audit   randombytes: [ '2.1.0' ],
184 silly audit   'react-chartjs-2': [ '5.2.0' ],
184 silly audit   'react-icons': [ '5.5.0' ],
184 silly audit   'react-router': [ '6.28.1' ],
184 silly audit   'react-router-dom': [ '6.28.1' ],
184 silly audit   'react-spinners': [ '0.14.1' ],
184 silly audit   'react-toastify': [ '10.0.6' ],
184 silly audit   'read-cache': [ '1.0.0' ],
184 silly audit   readdirp: [ '3.6.0' ],
184 silly audit   'reflect.getprototypeof': [ '1.0.9' ],
184 silly audit   regenerate: [ '1.4.2' ],
184 silly audit   'regenerate-unicode-properties': [ '10.2.0' ],
184 silly audit   'regenerator-runtime': [ '0.13.11' ],
184 silly audit   'regexp.prototype.flags': [ '1.5.3' ],
184 silly audit   'regexpu-core': [ '6.2.0' ],
184 silly audit   regjsgen: [ '0.8.0' ],
184 silly audit   regjsparser: [ '0.12.0' ],
184 silly audit   'require-directory': [ '2.1.1' ],
184 silly audit   'require-from-string': [ '2.0.2' ],
184 silly audit   'require-main-filename': [ '2.0.0' ],
184 silly audit   'resolve-from': [ '4.0.0' ],
184 silly audit   'resolve-pkg-maps': [ '1.0.0' ],
184 silly audit   reusify: [ '1.0.4' ],
184 silly audit   rgbcolor: [ '1.0.1' ],
184 silly audit   rollup: [ '2.79.2' ],
184 silly audit   'rollup-plugin-terser': [ '7.0.2' ],
184 silly audit   'serialize-javascript': [ '4.0.0', '6.0.2' ],
184 silly audit   'run-parallel': [ '1.2.0' ],
184 silly audit   'safe-array-concat': [ '1.1.3' ],
184 silly audit   'safe-buffer': [ '5.2.1' ],
184 silly audit   'safe-regex-test': [ '1.1.0' ],
184 silly audit   'serialize-error-cjs': [ '0.1.4' ],
184 silly audit   'set-blocking': [ '2.0.0' ],
184 silly audit   'set-function-length': [ '1.2.2' ],
184 silly audit   'set-function-name': [ '2.0.2' ],
184 silly audit   sharp: [ '0.34.2' ],
184 silly audit   'shebang-command': [ '2.0.0' ],
184 silly audit   'shebang-regex': [ '3.0.0' ],
184 silly audit   shimmer: [ '1.2.1' ],
184 silly audit   'side-channel': [ '1.1.0' ],
184 silly audit   'side-channel-list': [ '1.0.0' ],
184 silly audit   'side-channel-map': [ '1.0.1' ],
184 silly audit   'side-channel-weakmap': [ '1.0.2' ],
184 silly audit   'signal-exit': [ '4.1.0' ],
184 silly audit   'simple-swizzle': [ '0.2.2' ],
184 silly audit   slash: [ '3.0.0' ],
184 silly audit   smob: [ '1.5.0' ],
184 silly audit   'source-list-map': [ '2.0.1' ],
184 silly audit   'source-map-js': [ '1.2.1' ],
184 silly audit   'source-map-support': [ '0.5.21' ],
184 silly audit   'sourcemap-codec': [ '1.4.8' ],
184 silly audit   'stable-hash': [ '0.0.4' ],
184 silly audit   'stackblur-canvas': [ '2.7.0' ],
184 silly audit   streamsearch: [ '1.1.0' ],
184 silly audit   'string.prototype.includes': [ '2.0.1' ],
184 silly audit   'string.prototype.matchall': [ '4.0.12' ],
184 silly audit   'string.prototype.repeat': [ '1.0.0' ],
184 silly audit   'string.prototype.trim': [ '1.2.10' ],
184 silly audit   'string.prototype.trimend': [ '1.0.9' ],
184 silly audit   'string.prototype.trimstart': [ '1.0.8' ],
184 silly audit   'stringify-object': [ '3.3.0' ],
184 silly audit   'strip-bom': [ '3.0.0' ],
184 silly audit   'strip-comments': [ '2.0.1' ],
184 silly audit   'strip-json-comments': [ '3.1.1' ],
184 silly audit   strnum: [ '2.1.1' ],
184 silly audit   'styled-jsx': [ '5.1.6' ],
184 silly audit   stylis: [ '4.2.0' ],
184 silly audit   sucrase: [ '3.35.0' ],
184 silly audit   'supports-preserve-symlinks-flag': [ '1.0.0' ],
184 silly audit   'svg-pathdata': [ '6.0.3' ],
184 silly audit   tailwindcss: [ '3.4.17' ],
184 silly audit   tapable: [ '2.2.1' ],
184 silly audit   'temp-dir': [ '2.0.0' ],
184 silly audit   'temporal-polyfill': [ '0.2.5' ],
184 silly audit   'temporal-spec': [ '0.2.4' ],
184 silly audit   tempy: [ '0.6.0' ],
184 silly audit   'type-fest': [ '0.16.0', '0.20.2' ],
184 silly audit   terser: [ '5.37.0' ],
184 silly audit   'terser-webpack-plugin': [ '5.3.11' ],
184 silly audit   'text-segmentation': [ '1.0.3' ],
184 silly audit   'text-table': [ '0.2.0' ],
184 silly audit   thenify: [ '3.3.1' ],
184 silly audit   'thenify-all': [ '1.6.0' ],
184 silly audit   'to-regex-range': [ '5.0.1' ],
184 silly audit   'ts-api-utils': [ '1.4.3' ],
184 silly audit   'ts-interface-checker': [ '0.1.13' ],
184 silly audit   'tsconfig-paths': [ '3.15.0' ],
184 silly audit   tslib: [ '2.8.1' ],
184 silly audit   'type-check': [ '0.4.0' ],
184 silly audit   'typed-array-buffer': [ '1.0.3' ],
184 silly audit   'typed-array-byte-length': [ '1.0.3' ],
184 silly audit   'typed-array-byte-offset': [ '1.0.4' ],
184 silly audit   'typed-array-length': [ '1.0.7' ],
184 silly audit   typescript: [ '5.9.3' ],
184 silly audit   ulid: [ '2.4.0' ],
184 silly audit   'unbox-primitive': [ '1.1.0' ],
184 silly audit   'undici-types': [ '6.21.0' ],
184 silly audit   'unicode-canonical-property-names-ecmascript': [ '2.0.1' ],
184 silly audit   'unicode-match-property-ecmascript': [ '2.0.0' ],
184 silly audit   'unicode-match-property-value-ecmascript': [ '2.2.0' ],
184 silly audit   'unicode-property-aliases-ecmascript': [ '2.1.0' ],
184 silly audit   'unique-string': [ '2.0.0' ],
184 silly audit   universalify: [ '2.0.1' ],
184 silly audit   upath: [ '1.2.0' ],
184 silly audit   'update-browserslist-db': [ '1.1.3' ],
184 silly audit   'uri-js': [ '4.4.1' ],
184 silly audit   'util-deprecate': [ '1.0.2' ],
184 silly audit   utrie: [ '1.0.2' ],
184 silly audit   uuid: [ '9.0.1' ],
184 silly audit   watchpack: [ '2.4.2' ],
184 silly audit   webpack: [ '5.97.1' ],
184 silly audit   which: [ '2.0.2' ],
184 silly audit   'which-boxed-primitive': [ '1.1.1' ],
184 silly audit   'which-builtin-type': [ '1.2.1' ],
184 silly audit   'which-collection': [ '1.0.2' ],
184 silly audit   'which-module': [ '2.0.1' ],
184 silly audit   'which-typed-array': [ '1.1.18' ],
184 silly audit   'word-wrap': [ '1.2.5' ],
184 silly audit   wrappy: [ '1.0.2' ],
184 silly audit   ws: [ '8.18.3' ],
184 silly audit   xtend: [ '4.0.2' ],
184 silly audit   yallist: [ '3.1.1' ],
184 silly audit   'yocto-queue': [ '0.1.0' ],
184 silly audit   zod: [ '3.25.76' ],
184 silly audit   react: [ '18.3.1' ],
184 silly audit   'react-calendar': [ '5.1.0' ],
184 silly audit   'react-dom': [ '18.3.1' ],
184 silly audit   '@floating-ui/react': [ '0.26.28' ],
184 silly audit   '@tanstack/react-virtual': [ '3.13.13' ],
184 silly audit   '@floating-ui/react-dom': [ '2.1.6' ],
184 silly audit   '@floating-ui/utils': [ '0.2.10' ],
184 silly audit   tabbable: [ '6.3.0' ],
184 silly audit   '@floating-ui/dom': [ '1.7.4' ],
184 silly audit   '@floating-ui/core': [ '1.7.3' ],
184 silly audit   'react-transition-group': [ '4.4.5' ],
184 silly audit   '@tanstack/virtual-core': [ '3.13.13' ],
184 silly audit   '@wojtekmaj/date-utils': [ '1.5.1' ],
184 silly audit   'get-user-locale': [ '2.3.2' ],
184 silly audit   warning: [ '4.0.3' ],
184 silly audit   mem: [ '8.1.1' ],
184 silly audit   'map-age-cleaner': [ '0.1.3' ],
184 silly audit   'mimic-fn': [ '3.1.0' ],
184 silly audit   'p-defer': [ '1.0.0' ],
184 silly audit   scheduler: [ '0.23.2' ],
184 silly audit   'dom-helpers': [ '5.2.1' ]
184 silly audit }
185 verbose reify failed optional dependency /Users/mac/Desktop/accezz-supabase/node_modules/@next/swc-win32-x64-msvc
186 silly reify mark deleted [
186 silly reify   '/Users/mac/Desktop/accezz-supabase/node_modules/@next/swc-win32-x64-msvc'
186 silly reify ]
187 verbose reify failed optional dependency /Users/mac/Desktop/accezz-supabase/node_modules/@next/swc-win32-arm64-msvc
188 silly reify mark deleted [
188 silly reify   '/Users/mac/Desktop/accezz-supabase/node_modules/@next/swc-win32-arm64-msvc'
188 silly reify ]
189 verbose reify failed optional dependency /Users/mac/Desktop/accezz-supabase/node_modules/@next/swc-linux-x64-musl
190 silly reify mark deleted [
190 silly reify   '/Users/mac/Desktop/accezz-supabase/node_modules/@next/swc-linux-x64-musl'
190 silly reify ]
191 verbose reify failed optional dependency /Users/mac/Desktop/accezz-supabase/node_modules/@next/swc-linux-x64-gnu
192 silly reify mark deleted [
192 silly reify   '/Users/mac/Desktop/accezz-supabase/node_modules/@next/swc-linux-x64-gnu'
192 silly reify ]
193 verbose reify failed optional dependency /Users/mac/Desktop/accezz-supabase/node_modules/@next/swc-linux-arm64-musl
194 silly reify mark deleted [
194 silly reify   '/Users/mac/Desktop/accezz-supabase/node_modules/@next/swc-linux-arm64-musl'
194 silly reify ]
195 verbose reify failed optional dependency /Users/mac/Desktop/accezz-supabase/node_modules/@next/swc-linux-arm64-gnu
196 silly reify mark deleted [
196 silly reify   '/Users/mac/Desktop/accezz-supabase/node_modules/@next/swc-linux-arm64-gnu'
196 silly reify ]
197 verbose reify failed optional dependency /Users/mac/Desktop/accezz-supabase/node_modules/@next/swc-darwin-arm64
198 silly reify mark deleted [
198 silly reify   '/Users/mac/Desktop/accezz-supabase/node_modules/@next/swc-darwin-arm64'
198 silly reify ]
199 verbose reify failed optional dependency /Users/mac/Desktop/accezz-supabase/node_modules/@img/sharp-win32-x64
200 silly reify mark deleted [
200 silly reify   '/Users/mac/Desktop/accezz-supabase/node_modules/@img/sharp-win32-x64'
200 silly reify ]
201 verbose reify failed optional dependency /Users/mac/Desktop/accezz-supabase/node_modules/@img/sharp-win32-ia32
202 silly reify mark deleted [
202 silly reify   '/Users/mac/Desktop/accezz-supabase/node_modules/@img/sharp-win32-ia32'
202 silly reify ]
203 verbose reify failed optional dependency /Users/mac/Desktop/accezz-supabase/node_modules/@img/sharp-win32-arm64
204 silly reify mark deleted [
204 silly reify   '/Users/mac/Desktop/accezz-supabase/node_modules/@img/sharp-win32-arm64'
204 silly reify ]
205 verbose reify failed optional dependency /Users/mac/Desktop/accezz-supabase/node_modules/@img/sharp-wasm32
206 silly reify mark deleted [ '/Users/mac/Desktop/accezz-supabase/node_modules/@img/sharp-wasm32' ]
207 verbose reify failed optional dependency /Users/mac/Desktop/accezz-supabase/node_modules/@emnapi/runtime
208 silly reify mark deleted [ '/Users/mac/Desktop/accezz-supabase/node_modules/@emnapi/runtime' ]
209 verbose reify failed optional dependency /Users/mac/Desktop/accezz-supabase/node_modules/@img/sharp-linuxmusl-x64
210 silly reify mark deleted [
210 silly reify   '/Users/mac/Desktop/accezz-supabase/node_modules/@img/sharp-linuxmusl-x64'
210 silly reify ]
211 verbose reify failed optional dependency /Users/mac/Desktop/accezz-supabase/node_modules/@img/sharp-linuxmusl-arm64
212 silly reify mark deleted [
212 silly reify   '/Users/mac/Desktop/accezz-supabase/node_modules/@img/sharp-linuxmusl-arm64'
212 silly reify ]
213 verbose reify failed optional dependency /Users/mac/Desktop/accezz-supabase/node_modules/@img/sharp-linux-x64
214 silly reify mark deleted [
214 silly reify   '/Users/mac/Desktop/accezz-supabase/node_modules/@img/sharp-linux-x64'
214 silly reify ]
215 verbose reify failed optional dependency /Users/mac/Desktop/accezz-supabase/node_modules/@img/sharp-linux-s390x
216 silly reify mark deleted [
216 silly reify   '/Users/mac/Desktop/accezz-supabase/node_modules/@img/sharp-linux-s390x'
216 silly reify ]
217 verbose reify failed optional dependency /Users/mac/Desktop/accezz-supabase/node_modules/@img/sharp-linux-arm64
218 silly reify mark deleted [
218 silly reify   '/Users/mac/Desktop/accezz-supabase/node_modules/@img/sharp-linux-arm64'
218 silly reify ]
219 verbose reify failed optional dependency /Users/mac/Desktop/accezz-supabase/node_modules/@img/sharp-linux-arm
220 silly reify mark deleted [
220 silly reify   '/Users/mac/Desktop/accezz-supabase/node_modules/@img/sharp-linux-arm'
220 silly reify ]
221 verbose reify failed optional dependency /Users/mac/Desktop/accezz-supabase/node_modules/@img/sharp-libvips-linuxmusl-x64
222 silly reify mark deleted [
222 silly reify   '/Users/mac/Desktop/accezz-supabase/node_modules/@img/sharp-libvips-linuxmusl-x64'
222 silly reify ]
223 verbose reify failed optional dependency /Users/mac/Desktop/accezz-supabase/node_modules/@img/sharp-libvips-linuxmusl-arm64
224 silly reify mark deleted [
224 silly reify   '/Users/mac/Desktop/accezz-supabase/node_modules/@img/sharp-libvips-linuxmusl-arm64'
224 silly reify ]
225 verbose reify failed optional dependency /Users/mac/Desktop/accezz-supabase/node_modules/@img/sharp-libvips-linux-x64
226 silly reify mark deleted [
226 silly reify   '/Users/mac/Desktop/accezz-supabase/node_modules/@img/sharp-libvips-linux-x64'
226 silly reify ]
227 verbose reify failed optional dependency /Users/mac/Desktop/accezz-supabase/node_modules/@img/sharp-libvips-linux-s390x
228 silly reify mark deleted [
228 silly reify   '/Users/mac/Desktop/accezz-supabase/node_modules/@img/sharp-libvips-linux-s390x'
228 silly reify ]
229 verbose reify failed optional dependency /Users/mac/Desktop/accezz-supabase/node_modules/@img/sharp-libvips-linux-ppc64
230 silly reify mark deleted [
230 silly reify   '/Users/mac/Desktop/accezz-supabase/node_modules/@img/sharp-libvips-linux-ppc64'
230 silly reify ]
231 verbose reify failed optional dependency /Users/mac/Desktop/accezz-supabase/node_modules/@img/sharp-libvips-linux-arm64
232 silly reify mark deleted [
232 silly reify   '/Users/mac/Desktop/accezz-supabase/node_modules/@img/sharp-libvips-linux-arm64'
232 silly reify ]
233 verbose reify failed optional dependency /Users/mac/Desktop/accezz-supabase/node_modules/@img/sharp-libvips-linux-arm
234 silly reify mark deleted [
234 silly reify   '/Users/mac/Desktop/accezz-supabase/node_modules/@img/sharp-libvips-linux-arm'
234 silly reify ]
235 verbose reify failed optional dependency /Users/mac/Desktop/accezz-supabase/node_modules/@img/sharp-libvips-darwin-arm64
236 silly reify mark deleted [
236 silly reify   '/Users/mac/Desktop/accezz-supabase/node_modules/@img/sharp-libvips-darwin-arm64'
236 silly reify ]
237 verbose reify failed optional dependency /Users/mac/Desktop/accezz-supabase/node_modules/@img/sharp-darwin-arm64
238 silly reify mark deleted [
238 silly reify   '/Users/mac/Desktop/accezz-supabase/node_modules/@img/sharp-darwin-arm64'
238 silly reify ]
239 http cache react-dom@https://registry.npmjs.org/react-dom/-/react-dom-18.3.1.tgz 0ms (cache hit)
240 http cache scheduler@https://registry.npmjs.org/scheduler/-/scheduler-0.23.2.tgz 0ms (cache hit)
241 http cache react@https://registry.npmjs.org/react/-/react-18.3.1.tgz 0ms (cache hit)
242 http cache @emnapi/runtime@https://registry.npmjs.org/@emnapi/runtime/-/runtime-1.4.3.tgz 0ms (cache hit)
243 silly tarball no local data for react-dom@https://registry.npmjs.org/react-dom/-/react-dom-18.3.1.tgz. Extracting by manifest.
244 silly tarball no local data for react@https://registry.npmjs.org/react/-/react-18.3.1.tgz. Extracting by manifest.
245 silly tarball no local data for scheduler@https://registry.npmjs.org/scheduler/-/scheduler-0.23.2.tgz. Extracting by manifest.
246 http fetch GET 200 https://registry.npmjs.org/scheduler/-/scheduler-0.23.2.tgz 648ms (cache miss)
247 http fetch POST 200 https://registry.npmjs.org/-/npm/v1/security/advisories/bulk 883ms
248 silly audit report {
248 silly audit report   axios: [
248 silly audit report     {
248 silly audit report       id: 1108263,
248 silly audit report       url: 'https://github.com/advisories/GHSA-4hjh-wcwx-xvwj',
248 silly audit report       title: 'Axios is vulnerable to DoS attack through lack of data size check',
248 silly audit report       severity: 'high',
248 silly audit report       vulnerable_versions: '>=1.0.0 <1.12.0',
248 silly audit report       cwe: [Array],
248 silly audit report       cvss: [Object]
248 silly audit report     }
248 silly audit report   ],
248 silly audit report   'form-data': [
248 silly audit report     {
248 silly audit report       id: 1109538,
248 silly audit report       url: 'https://github.com/advisories/GHSA-fjxv-7rqg-78g4',
248 silly audit report       title: 'form-data uses unsafe random function in form-data for choosing boundary',
248 silly audit report       severity: 'critical',
248 silly audit report       vulnerable_versions: '>=4.0.0 <4.0.4',
248 silly audit report       cwe: [Array],
248 silly audit report       cvss: [Object]
248 silly audit report     }
248 silly audit report   ],
248 silly audit report   glob: [
248 silly audit report     {
248 silly audit report       id: 1109842,
248 silly audit report       url: 'https://github.com/advisories/GHSA-5j98-mcp5-4vw2',
248 silly audit report       title: 'glob CLI: Command injection via -c/--cmd executes matches with shell:true',
248 silly audit report       severity: 'high',
248 silly audit report       vulnerable_versions: '>=10.2.0 <10.5.0',
248 silly audit report       cwe: [Array],
248 silly audit report       cvss: [Object]
248 silly audit report     }
248 silly audit report   ],
248 silly audit report   'js-yaml': [
248 silly audit report     {
248 silly audit report       id: 1109802,
248 silly audit report       url: 'https://github.com/advisories/GHSA-mh29-5h37-fv8m',
248 silly audit report       title: 'js-yaml has prototype pollution in merge (<<)',
248 silly audit report       severity: 'moderate',
248 silly audit report       vulnerable_versions: '>=4.0.0 <4.1.1',
248 silly audit report       cwe: [Array],
248 silly audit report       cvss: [Object]
248 silly audit report     }
248 silly audit report   ],
248 silly audit report   jspdf: [
248 silly audit report     {
248 silly audit report       id: 1107412,
248 silly audit report       url: 'https://github.com/advisories/GHSA-8mvj-3j78-4qmw',
248 silly audit report       title: 'jsPDF Denial of Service (DoS)',
248 silly audit report       severity: 'high',
248 silly audit report       vulnerable_versions: '<=3.0.1',
248 silly audit report       cwe: [Array],
248 silly audit report       cvss: [Object]
248 silly audit report     }
248 silly audit report   ],
248 silly audit report   next: [
248 silly audit report     {
248 silly audit report       id: 1107228,
248 silly audit report       url: 'https://github.com/advisories/GHSA-g5qg-72qw-gw5v',
248 silly audit report       title: 'Next.js Affected by Cache Key Confusion for Image Optimization API Routes',
248 silly audit report       severity: 'moderate',
248 silly audit report       vulnerable_versions: '>=15.0.0 <=15.4.4',
248 silly audit report       cwe: [Array],
248 silly audit report       cvss: [Object]
248 silly audit report     },
248 silly audit report     {
248 silly audit report       id: 1107514,
248 silly audit report       url: 'https://github.com/advisories/GHSA-xv57-4mr9-wg8v',
248 silly audit report       title: 'Next.js Content Injection Vulnerability for Image Optimization',
248 silly audit report       severity: 'moderate',
248 silly audit report       vulnerable_versions: '>=15.0.0 <=15.4.4',
248 silly audit report       cwe: [Array],
248 silly audit report       cvss: [Object]
248 silly audit report     },
248 silly audit report     {
248 silly audit report       id: 1107515,
248 silly audit report       url: 'https://github.com/advisories/GHSA-4342-x723-ch2f',
248 silly audit report       title: 'Next.js Improper Middleware Redirect Handling Leads to SSRF',
248 silly audit report       severity: 'moderate',
248 silly audit report       vulnerable_versions: '>=15.0.0-canary.0 <15.4.7',
248 silly audit report       cwe: [Array],
248 silly audit report       cvss: [Object]
248 silly audit report     }
248 silly audit report   ],
248 silly audit report   nodemailer: [
248 silly audit report     {
248 silly audit report       id: 1111074,
248 silly audit report       url: 'https://github.com/advisories/GHSA-rcmh-qjqh-p98v',
248 silly audit report       title: 'Nodemailer’s addressparser is vulnerable to DoS caused by recursive calls',
248 silly audit report       severity: 'low',
248 silly audit report       vulnerable_versions: '<=7.0.10',
248 silly audit report       cwe: [Array],
248 silly audit report       cvss: [Object]
248 silly audit report     }
248 silly audit report   ]
248 silly audit report }
249 silly packumentCache corgi:https://registry.npmjs.org/axios cache-miss
250 silly packumentCache corgi:https://registry.npmjs.org/form-data cache-miss
251 silly packumentCache corgi:https://registry.npmjs.org/glob cache-miss
252 silly packumentCache corgi:https://registry.npmjs.org/js-yaml cache-miss
253 silly packumentCache corgi:https://registry.npmjs.org/jspdf cache-miss
254 silly packumentCache corgi:https://registry.npmjs.org/next cache-miss
255 silly packumentCache corgi:https://registry.npmjs.org/nodemailer cache-miss
256 http fetch GET 200 https://registry.npmjs.org/react/-/react-18.3.1.tgz 912ms (cache miss)
257 http fetch GET 200 https://registry.npmjs.org/glob 1876ms (cache revalidated)
258 silly packumentCache corgi:https://registry.npmjs.org/glob set size:159574 disposed:false
259 http fetch GET 200 https://registry.npmjs.org/axios 1882ms (cache revalidated)
260 silly packumentCache corgi:https://registry.npmjs.org/axios set size:262593 disposed:false
261 http fetch GET 200 https://registry.npmjs.org/react-dom/-/react-dom-18.3.1.tgz 2975ms (cache miss)
262 http fetch GET 200 https://registry.npmjs.org/jspdf 2801ms (cache revalidated)
263 silly packumentCache corgi:https://registry.npmjs.org/jspdf set size:59938 disposed:false
264 http fetch GET 200 https://registry.npmjs.org/form-data 2812ms (cache revalidated)
265 silly packumentCache corgi:https://registry.npmjs.org/form-data set size:51426 disposed:false
266 http fetch GET 200 https://registry.npmjs.org/js-yaml 2821ms (cache revalidated)
267 silly packumentCache corgi:https://registry.npmjs.org/js-yaml set size:58533 disposed:false
268 http fetch GET 200 https://registry.npmjs.org/next 2854ms (cache revalidated)
269 silly packumentCache corgi:https://registry.npmjs.org/next set size:22959756 disposed:false
270 http fetch GET 200 https://registry.npmjs.org/nodemailer 3257ms (cache revalidated)
271 silly packumentCache corgi:https://registry.npmjs.org/nodemailer set size:301569 disposed:false
272 silly packumentCache corgi:https://registry.npmjs.org/sucrase cache-miss
273 http fetch GET 200 https://registry.npmjs.org/sucrase 314ms (cache revalidated)
274 silly packumentCache corgi:https://registry.npmjs.org/sucrase set size:163085 disposed:false
275 silly packumentCache corgi:https://registry.npmjs.org/@eslint%2feslintrc cache-miss
276 silly packumentCache corgi:https://registry.npmjs.org/eslint cache-miss
277 http fetch GET 200 https://registry.npmjs.org/@eslint%2feslintrc 267ms (cache revalidated)
278 silly packumentCache corgi:https://registry.npmjs.org/@eslint%2feslintrc set size:80753 disposed:false
279 http fetch GET 200 https://registry.npmjs.org/eslint 269ms (cache revalidated)
280 silly packumentCache corgi:https://registry.npmjs.org/eslint set size:1108196 disposed:false
281 silly packumentCache corgi:https://registry.npmjs.org/@ducanh2912%2fnext-pwa cache-miss
282 silly packumentCache corgi:https://registry.npmjs.org/@vercel%2fanalytics cache-miss
283 silly packumentCache corgi:https://registry.npmjs.org/inngest cache-miss
284 silly packumentCache corgi:https://registry.npmjs.org/next-pwa cache-miss
285 http fetch GET 200 https://registry.npmjs.org/@vercel%2fanalytics 312ms (cache revalidated)
286 silly packumentCache corgi:https://registry.npmjs.org/@vercel%2fanalytics set size:87914 disposed:false
287 http fetch GET 200 https://registry.npmjs.org/next-pwa 322ms (cache revalidated)
288 silly packumentCache corgi:https://registry.npmjs.org/next-pwa set size:188954 disposed:false
289 http fetch GET 200 https://registry.npmjs.org/inngest 334ms (cache revalidated)
290 silly packumentCache corgi:https://registry.npmjs.org/inngest set size:2513320 disposed:false
291 http fetch GET 200 https://registry.npmjs.org/@ducanh2912%2fnext-pwa 1443ms (cache revalidated)
292 silly packumentCache corgi:https://registry.npmjs.org/@ducanh2912%2fnext-pwa set size:132781 disposed:false
293 silly ADD
294 silly ADD
295 silly ADD
296 silly ADD
297 silly ADD
298 silly ADD
299 silly ADD
300 silly ADD
301 silly ADD
302 silly ADD
303 silly ADD
304 silly ADD
305 silly ADD
306 silly ADD
307 silly ADD
308 silly ADD
309 silly ADD
310 silly ADD
311 silly ADD
312 silly ADD
313 silly ADD
314 silly ADD
315 silly ADD
316 silly ADD
317 silly ADD
318 silly ADD
319 silly ADD
320 silly CHANGE node_modules/scheduler
321 silly CHANGE node_modules/react-dom
322 silly CHANGE node_modules/react
323 verbose cwd /Users/mac/Desktop/accezz-supabase
324 verbose os Darwin 24.6.0
325 verbose node v22.20.0
326 verbose npm  v10.9.3
327 verbose exit 0
328 info ok
